,5_long,13_long,16_long,20_long,22_long,26_long,27_long,28_long,29_long,30_long,31_long,39_long,42_long,45_long,53_long,56_long,67_long,69_long,73_long,77_long,78_long,81_long,83_long,84_long,88_long,89_long,98_long,99_long,108_long,109_long,110_long,112_long,115_long,119_long,120_long,128_long,129_long,130_long,131_long,134_long,136_long,140_long,145_long,146_long,147_long,150_long,151_long,naive_ave_pnl
2011-12-31,0.0,0.0,0.0,0.0,0.0,0.0,0.0,0.0,0.0,0.0,0.0,0.0,0.0,0.0,0.0,0.0,0.0,0.0,0.0,0.0,0.0,0.0,0.0,0.0,0.0,0.0,0.0,0.0,0.0,0.0,0.0,0.0,0.0,0.0,0.0,0.0,0.48876538824284976,0.0,0.0,0.0,0.0,0.0,0.0,0.0,0.0,0.0,0.0,0.5163532637369929
2012-01-31,0.0,0.0,0.0,0.0,0.0,0.0,0.0,0.0,0.0,0.0,0.0,0.0,0.0,0.0,0.0,0.0,0.0,0.0,0.0,0.0,0.0,0.0,0.0,0.0,0.0,0.0,0.0,0.0,0.0,0.0,0.0,0.0,0.0,0.0,0.0,0.0,0.513107193233165,0.0,0.0,0.0,0.0,0.0,0.0,0.0,0.0,0.0,0.0,0.4763839883719481
2012-02-29,0.0,0.0,0.0,0.0,0.0,0.0,0.0,0.0,0.0,0.0,0.0,0.0,0.0,0.0,0.0,0.0,0.0,0.0,0.0,0.0,0.0,0.0,0.0,0.0,0.0,0.0,0.0,0.0,0.0,0.0,0.0,0.0,0.0,0.0,0.0,0.0,0.5123800528091665,0.0,0.0,0.0,0.0,0.0,0.0,0.0,0.0,0.0,0.0,0.40911221467775133
2012-03-31,0.0,0.0,0.0,0.0,0.0,0.0,0.0,0.0,0.0,0.0,0.0,0.0,0.0,0.0,0.0,0.0,0.0,0.0,0.0,0.0,0.0,0.0,0.0,0.0,0.0,0.0,0.0,0.0,0.0,0.0,0.0,0.0,0.0,0.0,0.0,0.0,0.5112980303878473,0.0,0.0,0.0,0.0,0.0,0.0,0.0,0.0,0.0,0.0,0.37844965993334617
2012-04-30,0.0,0.0,0.0,0.0,0.0,0.0,0.0,0.0,0.0,0.0,0.0,0.0,0.0,0.0,0.0,0.0,0.0,0.0,0.0,0.0,0.0,0.0,0.0,0.0,0.0,0.0,0.0,0.0,0.0,0.0,0.0,0.0,0.0,0.0,0.0,0.0,0.5115555366955382,0.0,0.0,0.0,0.0,0.0,0.0,0.0,0.0,0.0,0.0,0.3651232014578724
2012-05-31,0.0,0.0,0.0,0.0,0.0,0.0,0.0,0.0,0.0,0.0,0.0,0.0,0.0,0.0,0.0,0.0,0.0,0.0,0.0,0.0,0.0,0.0,0.0,0.0,0.0,0.0,0.0,0.0,0.0,0.0,0.0,0.0,0.0,0.0,0.0,0.0,0.5107355040443112,0.0,0.0,0.0,0.0,0.0,0.0,0.0,0.0,0.0,0.0,0.356648682617674
2012-06-30,0.0,0.0,0.0,0.0,0.0,0.0,0.0,0.0,0.0,0.0,0.0,0.0,0.0,0.0,0.0,0.0,0.0,0.0,0.0,0.0,0.0,0.0,0.0,0.0,0.0,0.0,0.0,0.0,0.0,0.0,0.0,0.0,0.0,0.0,0.0,0.0,0.5087898663145751,0.0,0.0,0.0,0.0,0.0,0.0,0.0,0.0,0.0,0.0,0.3510993568100238
2012-07-31,0.0,0.0,0.0,0.0,0.0,0.0,0.0,0.0,0.0,0.0,0.0,0.0,0.0,0.0,0.0,0.0,0.0,0.0,0.0,0.0,0.0,0.0,0.0,0.0,0.0,0.0,0.0,0.0,0.0,0.0,0.0,0.0,0.0,0.0,0.0,0.0,0.5056195160814465,0.0,0.0,0.0,0.0,0.0,0.0,0.0,0.0,0.0,0.0,0.34662480827947395
2012-08-31,0.0,0.0,0.0,0.0,0.0,0.0,0.0,0.0,0.0,0.0,0.0,0.0,0.0,0.0,0.0,0.0,0.0,0.0,0.0,0.0,0.0,0.0,0.0,0.0,0.0,0.0,0.0,0.0,0.0,0.0,0.0,0.0,0.0,0.0,0.0,0.0,0.49981888924276685,0.0,0.0,0.0,0.0,0.0,0.0,0.0,0.0,0.0,0.0,0.34248194462782994
2012-09-30,0.0,0.0,0.0,0.0,0.0,0.0,0.0,0.0,0.0,0.0,0.0,0.0,0.0,0.0,0.0,0.0,0.0,0.0,0.0,0.0,0.0,0.0,0.0,0.0,0.0,0.0,0.0,0.0,0.0,0.0,0.0,0.0,0.0,0.0,0.0,0.0,0.49182351493125714,0.0,0.0,0.0,0.0,0.0,0.0,0.0,0.0,0.0,0.0,0.33868547347063194
2012-10-31,0.0,0.0,0.0,0.0,0.0,0.0,0.0,0.0,0.0,0.0,0.0,0.0,0.0,0.0,0.0,0.0,0.0,0.0,0.0,0.0,0.0,0.0,0.0,0.0,0.0,0.0,0.0,0.0,0.0,0.0,0.0,0.0,0.0,0.0,0.0,0.0,0.47939389971420693,0.0,0.0,0.0,0.0,0.0,0.0,0.0,0.0,0.0,0.0,0.33399274864056955
2012-11-30,0.0,0.0,0.0,0.0,0.0,0.0,0.0,0.0,0.0,0.0,0.0,0.0,0.0,0.0,0.0,0.0,0.0,0.0,0.0,0.0,0.0,0.0,0.0,0.0,0.0,0.0,0.0,0.0,0.0,0.0,0.0,0.0,0.0,0.0,0.0,0.0,0.4667808734906215,0.0,0.0,0.0,0.0,0.0,0.0,0.0,0.0,0.0,0.0,0.3310257353752745
2012-12-31,0.0,0.0,0.0,0.0,0.0,0.0,0.0,0.0,0.0,0.0,0.0,0.0,0.0,0.0,0.0,0.0,0.0,0.0,0.0,0.0,0.0,0.0,0.0,0.0,0.0,0.0,0.0,0.0,0.0,0.0,0.0,0.0,0.0,0.0,0.0,0.0,0.45288770383578414,0.0,0.0,0.0,0.0,0.0,0.0,0.0,0.0,0.0,0.0,0.3275974474182637
2013-01-31,0.0,0.0,0.0,0.0,0.0,0.0,0.0,0.0,0.0,0.0,0.0,0.0,0.0,0.0,0.0,0.0,0.0,0.0,0.0,0.0,0.0,0.0,0.0,0.0,0.0,0.0,0.0,0.0,0.0,0.0,0.0,0.0,0.0,0.0,0.0,0.0,0.4358005529028785,0.0,0.0,0.0,0.0,0.0,0.0,0.0,0.0,0.0,0.0,0.32236583826951903
2013-02-28,0.0,0.0,0.0,0.0,0.0,0.0,0.0,0.0,0.0,0.0,0.0,0.0,0.0,0.0,0.0,0.0,0.0,0.0,0.0,0.0,0.0,0.0,0.0,0.0,0.0,0.0,0.0,0.0,0.0,0.0,0.0,0.0,0.0,0.0,0.0,0.0,0.4243831541009741,0.0,0.0,0.0,0.0,0.0,0.0,0.0,0.0,0.0,0.0,0.32098551458735164
2013-03-31,0.0,0.0,0.0,0.0,0.0,0.0,0.0,0.0,0.0,0.0,0.0,0.0,0.0,0.0,0.0,0.0,0.0,0.0,0.0,0.0,0.0,0.0,0.0,0.0,0.0,0.0,0.0,0.0,0.0,0.0,0.0,0.0,0.0,0.0,0.0,0.0,0.41008498991375747,0.0,0.0,0.0,0.0,0.0,0.0,0.0,0.0,0.0,0.0,0.31650538513060167
2013-04-30,0.0,0.0,0.0,0.0,0.0,0.0,0.0,0.0,0.0,0.0,0.0,0.0,0.0,0.0,0.0,0.0,0.0,0.0,0.0,0.0,0.0,0.0,0.0,0.0,0.0,0.0,0.0,0.0,0.0,0.0,0.0,0.0,0.0,0.0,0.0,0.0,0.39772309611734064,0.0,0.0,0.0,0.0,0.0,0.0,0.0,0.0,0.0,0.0,0.3134223891554501
2013-05-31,0.0,0.0,0.0,0.0,0.0,0.0,0.0,0.0,0.0,0.0,0.0,0.0,0.0,0.0,0.0,0.0,0.0,0.0,0.0,0.0,0.0,0.0,0.0,0.0,0.0,0.0,0.0,0.0,0.0,0.0,0.0,0.0,0.0,0.0,0.0,0.0,0.3866162423649278,0.0,0.0,0.0,0.0,0.0,0.0,0.0,0.0,0.0,0.0,0.31080674238225203
2013-06-30,0.0,0.0,0.0,0.0,0.0,0.0,0.0,0.0,0.0,0.0,0.0,0.0,0.0,0.0,0.0,0.0,0.0,0.0,0.0,0.0,0.0,0.0,0.0,0.0,0.0,0.0,0.0,0.0,0.0,0.0,0.0,0.0,0.0,0.0,0.0,0.0,0.3815927042127424,0.0,0.0,0.0,0.0,0.0,0.0,0.0,0.0,0.0,0.0,0.3120277150054949
2013-07-31,0.0,0.0,0.0,0.0,0.0,0.0,0.0,0.0,0.0,0.0,0.0,0.0,0.0,0.0,0.0,0.0,0.0,0.0,0.0,0.0,0.0,0.0,0.0,0.0,0.0,0.0,0.0,0.0,0.0,0.0,0.0,0.0,0.0,0.0,0.0,0.0,0.3705841512299345,0.0,0.0,0.0,0.0,0.0,0.0,0.0,0.0,0.0,0.0,0.3074215493648992
2013-08-31,0.0,0.0,0.0,0.0,0.0,0.0,0.0,0.0,0.0,0.0,0.0,0.0,0.0,0.0,0.0,0.0,0.0,0.0,0.0,0.0,0.0,0.0,0.0,0.0,0.0,0.0,0.0,0.0,0.0,0.0,0.0,0.0,0.0,0.0,0.0,0.0,0.36555504974073394,0.0,0.0,0.0,0.0,0.0,0.0,0.0,0.0,0.0,0.0,0.30732410369636226
2013-09-30,0.0,0.0,0.0,0.0,0.0,0.0,0.0,0.0,0.0,0.0,0.0,0.0,0.0,0.0,0.0,0.0,0.0,0.0,0.0,0.0,0.0,0.0,0.0,0.0,0.0,0.0,0.0,0.0,0.0,0.0,0.0,0.0,0.0,0.0,0.0,0.0,0.35801743857607043,0.0,0.0,0.0,0.0,0.0,0.0,0.0,0.0,0.0,0.0,0.3039784388067694
2013-10-31,0.0,0.0,0.0,0.0,0.0,0.0,0.0,0.0,0.0,0.0,0.0,0.0,0.0,0.0,0.0,0.0,0.0,0.0,0.0,0.0,0.0,0.0,0.0,0.0,0.0,0.0,0.0,0.0,0.0,0.0,0.0,0.0,0.0,0.0,0.0,0.0,0.3512749513138474,0.0,0.0,0.0,0.0,0.0,0.0,0.0,0.0,0.0,0.0,0.3010634919502405
2013-11-30,0.0,0.0,0.0,0.0,0.0,0.0,0.0,0.0,0.0,0.0,0.0,0.0,0.0,0.0,0.0,0.0,0.0,0.0,0.0,0.0,0.0,0.0,0.0,0.0,0.0,0.0,0.0,0.0,0.0,0.0,0.0,0.0,0.0,0.0,0.0,0.0,0.34521274480328795,0.0,0.0,0.0,0.0,0.0,0.0,0.0,0.0,0.0,0.0,0.2979992567731785
2013-12-31,0.0,0.0,0.0,0.0,0.0,0.0,0.0,0.0,0.0,0.0,0.0,0.0,0.0,0.0,0.0,0.0,0.0,0.0,0.0,0.0,0.0,0.0,0.0,0.0,0.0,0.0,0.0,0.0,0.0,0.0,0.0,0.0,0.0,0.0,0.0,0.0,0.34063168430681257,0.0,0.0,0.0,0.0,0.0,0.0,0.0,0.0,0.0,0.0,0.2959126060273469
2014-01-31,0.0,0.0,0.0,0.0,0.0,0.0,0.0,0.0,0.0,0.0,0.0,0.0,0.0,0.0,0.0,0.0,0.0,0.0,0.0,0.0,0.0,0.0,0.0,0.0,0.0,0.0,0.0,0.0,0.0,0.0,0.0,0.0,0.0,0.0,0.0,0.0,0.33785977455343974,0.0,0.0,0.0,0.0,0.0,0.0,0.0,0.0,0.0,0.0,0.2950329699577076
2014-02-28,0.0,0.0,0.0,0.0,0.0,0.0,0.0,0.0,0.0,0.0,0.0,0.0,0.0,0.0,0.0,0.0,0.0,0.0,0.0,0.0,0.0,0.0,0.0,0.0,0.0,0.0,0.0,0.0,0.0,0.0,0.0,0.0,0.0,0.0,0.0,0.0,0.33577143599355785,0.0,0.0,0.0,0.0,0.0,0.0,0.0,0.0,0.0,0.0,0.29423710191422436
2014-03-31,0.0,0.0,0.0,0.0,0.0,0.0,0.0,0.0,0.0,0.0,0.0,0.0,0.0,0.0,0.0,0.0,0.0,0.0,0.0,0.0,0.0,0.0,0.0,0.0,0.0,0.0,0.0,0.0,0.0,0.0,0.0,0.0,0.0,0.0,0.0,0.0,0.33352050410786965,0.0,0.0,0.0,0.0,0.0,0.0,0.0,0.0,0.0,0.0,0.29309367732789443
2014-04-30,0.0,0.0,0.0,0.0,0.0,0.0,0.0,0.0,0.0,0.0,0.0,0.0,0.0,0.0,0.0,0.0,0.0,0.0,0.0,0.0,0.0,0.0,0.0,0.0,0.0,0.0,0.0,0.0,0.0,0.0,0.0,0.0,0.0,0.0,0.0,0.0,0.33156881452967635,0.0,0.0,0.0,0.0,0.0,0.0,0.0,0.0,0.0,0.0,0.29199746908161733
2014-05-31,0.0,0.0,0.0,0.0,0.0,0.0,0.0,0.0,0.0,0.0,0.0,0.0,0.0,0.0,0.0,0.0,0.0,0.0,0.0,0.0,0.0,0.0,0.0,0.0,0.0,0.0,0.0,0.0,0.0,0.0,0.0,0.0,0.0,0.0,0.0,0.0,0.32896357027185996,0.0,0.0,0.0,0.0,0.0,0.0,0.0,0.0,0.0,0.0,0.2901420811752875
2014-06-30,0.0,0.0,0.0,0.0,0.0,0.0,0.0,0.0,0.0,0.0,0.0,0.0,0.0,0.0,0.0,0.0,0.0,0.0,0.0,0.0,0.0,0.0,0.0,0.0,0.0,0.0,0.0,0.0,0.0,0.0,0.0,0.0,0.0,0.0,0.0,0.0,0.3257349267835362,0.0,0.0,0.0,0.0,0.0,0.0,0.0,0.0,0.0,0.0,0.28761925300904617
2014-07-31,0.0,0.0,0.0,0.0,0.0,0.0,0.0,0.0,0.0,0.0,0.0,0.0,0.0,0.0,0.0,0.0,0.0,0.0,0.0,0.0,0.0,0.0,0.0,0.0,0.0,0.0,0.0,0.0,0.0,0.0,0.0,0.0,0.0,0.0,0.0,0.0,0.32452844090138466,0.0,0.0,0.0,0.0,0.0,0.0,0.0,0.0,0.0,0.0,0.2866824693544747
2014-08-31,0.0,0.0,0.0,0.0,0.0,0.0,0.0,0.0,0.0,0.0,0.0,0.0,0.0,0.0,0.0,0.0,0.0,0.0,0.0,0.0,0.0,0.0,0.0,0.0,0.0,0.0,0.0,0.0,0.0,0.0,0.0,0.0,0.0,0.0,0.0,0.0,0.3232439185851398,0.0,0.0,0.0,0.0,0.0,0.0,0.0,0.0,0.0,0.0,0.28559900061032306
2014-09-30,0.0,0.0,0.0,0.0,0.0,0.0,0.0,0.0,0.0,0.0,0.0,0.0,0.0,0.0,0.0,0.0,0.0,0.0,0.0,0.0,0.0,0.0,0.0,0.0,0.0,0.0,0.0,0.0,0.0,0.0,0.0,0.0,0.0,0.0,0.0,0.0,0.32255492821927234,0.0,0.0,0.0,0.0,0.0,0.0,0.0,0.0,0.0,0.0,0.2849713256159082
2014-10-31,0.0,0.0,0.0,0.0,0.0,0.0,0.0,0.0,0.0,0.0,0.0,0.0,0.0,0.0,0.0,0.0,0.0,0.0,0.0,0.0,0.0,0.0,0.0,0.0,0.0,0.0,0.0,0.0,0.0,0.0,0.0,0.0,0.0,0.0,0.0,0.0,0.3241711137460624,0.0,0.0,0.0,0.0,0.0,0.0,0.0,0.0,0.0,0.0,0.2863048830088764
2014-11-30,0.0,0.0,0.0,0.0,0.0,0.0,0.0,0.0,0.0,0.0,0.0,0.0,0.0,0.0,0.0,0.0,0.0,0.0,0.0,0.0,0.0,0.0,0.0,0.0,0.0,0.0,0.0,0.0,0.0,0.0,0.0,0.0,0.0,0.0,0.0,0.0,0.32203520684037246,0.0,0.0,0.0,0.0,0.0,0.0,0.0,0.0,0.0,0.0,0.28439631552002936
2014-12-31,0.0,0.0,0.0,0.0,0.0,0.0,0.0,0.0,0.0,0.0,0.0,0.0,0.0,0.0,0.0,0.0,0.0,0.0,0.0,0.0,0.0,0.0,0.0,0.0,0.0,0.0,0.0,0.0,0.0,0.0,0.0,0.0,0.0,0.0,0.0,0.0,0.323884631129114,0.0,0.0,0.0,0.0,0.0,0.0,0.0,0.0,0.0,0.0,0.2860134366734229
2015-01-31,0.0,0.0,0.0,0.0,0.0,0.0,0.0,0.0,0.0,0.0,0.0,0.0,0.0,0.0,0.0,0.0,0.0,0.0,0.0,0.0,0.0,0.0,0.0,0.0,0.0,0.0,0.0,0.0,0.0,0.0,0.0,0.0,0.0,0.0,0.0,0.0,0.32585589227845224,0.0,0.0,0.0,0.0,0.0,0.0,0.0,0.0,0.0,0.0,0.28788267182065574
2015-02-28,0.0,0.0,0.0,0.0,0.0,0.0,0.0,0.0,0.0,0.0,0.0,0.0,0.0,0.0,0.0,0.0,0.0,0.0,0.0,0.0,0.0,0.0,0.0,0.0,0.0,0.0,0.0,0.0,0.0,0.0,0.0,0.0,0.0,0.0,0.0,0.0,0.32382162526060854,0.0,0.0,0.0,0.0,0.0,0.0,0.0,0.0,0.0,0.0,0.286044557015251
2015-03-31,0.0,0.0,0.0,0.0,0.0,0.0,0.0,0.0,0.0,0.0,0.0,0.0,0.0,0.0,0.0,0.0,0.0,0.0,0.0,0.0,0.0,0.0,0.0,0.0,0.0,0.0,0.0,0.0,0.0,0.0,0.0,0.0,0.0,0.0,0.0,0.0,0.32497516652327496,0.0,0.0,0.0,0.0,0.0,0.0,0.0,0.0,0.0,0.0,0.2872598552418011
2015-04-30,0.0,0.0,0.0,0.0,0.0,0.0,0.0,0.0,0.0,0.0,0.0,0.0,0.0,0.0,0.0,0.0,0.0,0.0,0.0,0.0,0.0,0.0,0.0,0.0,0.0,0.0,0.0,0.0,0.0,0.0,0.0,0.0,0.0,0.0,0.0,0.0,0.3241858386474984,0.0,0.0,0.0,0.0,0.0,0.0,0.0,0.0,0.0,0.0,0.2866780614769349
2015-05-31,0.0,0.0,0.0,0.0,0.0,0.0,0.0,0.0,0.0,0.0,0.0,0.0,0.0,0.0,0.0,0.0,0.0,0.0,0.0,0.0,0.0,0.0,0.0,0.0,0.0,0.0,0.0,0.0,0.0,0.0,0.0,0.0,0.0,0.0,0.0,0.0,0.3245057907567177,0.0,0.0,0.0,0.0,0.0,0.0,0.0,0.0,0.0,0.0,0.28720096254441774
2015-06-30,0.0,0.0,0.0,0.0,0.0,0.0,0.0,0.0,0.0,0.0,0.0,0.0,0.0,0.0,0.0,0.0,0.0,0.0,0.0,0.0,0.0,0.0,0.0,0.0,0.0,0.0,0.0,0.0,0.0,0.0,0.0,0.0,0.0,0.0,0.0,0.0,0.3260724064146832,0.0,0.0,0.0,0.0,0.0,0.0,0.0,0.0,0.0,0.0,0.28903229304289263
2015-07-31,0.0,0.0,0.0,0.0,0.0,0.0,0.0,0.0,0.0,0.0,0.0,0.0,0.0,0.0,0.0,0.0,0.0,0.0,0.0,0.0,0.0,0.0,0.0,0.0,0.0,0.0,0.0,0.0,0.0,0.0,0.0,0.0,0.0,0.0,0.0,0.0,0.32493202560281353,0.0,0.0,0.0,0.0,0.0,0.0,0.0,0.0,0.0,0.0,0.2882404114969499
2015-08-31,0.0,0.0,0.0,0.0,0.0,0.0,0.0,0.0,0.0,0.0,0.0,0.0,0.0,0.0,0.0,0.0,0.0,0.0,0.0,0.0,0.0,0.0,0.0,0.0,0.0,0.0,0.0,0.0,0.0,0.0,0.0,0.0,0.0,0.0,0.0,0.0,0.32898342770051536,0.0,0.0,0.0,0.0,0.0,0.0,0.0,0.0,0.0,0.0,0.29277356688641143
2015-09-30,0.0,0.0,0.0,0.0,0.0,0.0,0.0,0.0,0.0,0.0,0.0,0.0,0.0,0.0,0.0,0.0,0.0,0.0,0.0,0.0,0.0,0.0,0.0,0.0,0.0,0.0,0.0,0.0,0.0,0.0,0.0,0.0,0.0,0.0,0.0,0.0,0.3261486499390467,0.0,0.0,0.0,0.0,0.0,0.0,0.0,0.0,0.0,0.0,0.2902488938421074
2015-10-31,0.0,0.0,0.0,0.0,0.0,0.0,0.0,0.0,0.0,0.0,0.0,0.0,0.0,0.0,0.0,0.0,0.0,0.0,0.0,0.0,0.0,0.0,0.0,0.0,0.0,0.0,0.0,0.0,0.0,0.0,0.0,0.0,0.0,0.0,0.0,0.0,0.3242701568574493,0.0,0.0,0.0,0.0,0.0,0.0,0.0,0.0,0.0,0.0,0.28880218217673276
2015-11-30,0.0,0.0,0.0,0.0,0.0,0.0,0.0,0.0,0.0,0.0,0.0,0.0,0.0,0.0,0.0,0.0,0.0,0.0,0.0,0.0,0.0,0.0,0.0,0.0,0.0,0.0,0.0,0.0,0.0,0.0,0.0,0.0,0.0,0.0,0.0,0.0,0.32431695444947506,0.0,0.0,0.0,0.0,0.0,0.0,0.0,0.0,0.0,0.0,0.2893125079155004
2015-12-31,0.0,0.0,0.0,0.0,0.0,0.0,0.0,0.0,0.0,0.0,0.0,0.0,0.0,0.0,0.0,0.0,0.0,0.0,0.0,0.0,0.0,0.0,0.0,0.0,0.0,0.0,0.0,0.0,0.0,0.0,0.0,0.0,0.0,0.0,0.0,0.0,0.32465927028758695,0.0,0.0,0.0,0.0,0.0,0.0,0.0,0.0,0.0,0.0,0.29019858609659205
2016-01-31,0.0,0.0,0.0,0.0,0.0,0.0,0.0,0.0,0.0,0.0,0.0,0.0,0.0,0.0,0.0,0.0,0.0,0.0,0.0,0.0,0.0,0.0,0.0,0.0,0.0,0.0,0.0,0.0,0.0,0.0,0.0,0.0,0.0,0.0,0.0,0.0,0.32725867230157385,0.0,0.0,0.0,0.0,0.0,0.0,0.0,0.0,0.0,0.0,0.2934070301269043
2016-02-29,0.0,0.0,0.0,0.0,0.0,0.0,0.05305972608711003,0.0,0.0,0.0,0.0,0.0,0.0,0.0,0.0,0.0,0.0,0.0,0.0,0.0,0.0,0.0,0.0,0.0,0.0,0.0,0.0,0.0,0.0,0.0,0.0,0.0,0.0,0.0,0.0,0.0,0.3295277448068166,0.0,0.0,0.0,0.0,0.0,0.0,0.0,0.0,0.0,0.0,0.2756074258907766
2016-03-31,0.0,0.0,0.0,0.0,0.0,0.0,0.05420227891519921,0.0,0.0,0.0,0.0,0.0,0.0,0.0,0.0,0.0,0.0,0.0,0.0,0.0,0.0,0.0,0.0,0.0,0.0,0.0,0.0,0.0,0.0,0.0,0.0,0.0,0.0,0.0,0.0,0.0,0.3291278716419585,0.0,0.0,0.0,0.0,0.0,0.0,0.0,0.0,0.0,0.0,0.27691109300289546
2016-04-30,0.0,0.0,0.0,0.0,0.0,0.0,0.055253782486301965,0.0,0.0,0.0,0.0,0.0,0.0,0.0,0.0,0.0,0.0,0.0,0.0,0.0,0.0,0.0,0.0,0.0,0.0,0.0,0.0,0.0,0.0,0.0,0.0,0.0,0.0,0.0,0.0,0.0,0.3278162660839563,0.0,0.0,0.0,0.0,0.0,0.0,0.0,0.0,0.0,0.0,0.2766916334949104
2016-05-31,0.0,0.0,0.0,0.0,0.0,0.0,0.05674316747262673,0.0,0.0,0.0,0.0,0.0,0.0,0.0,0.0,0.0,0.0,0.0,0.0,0.0,0.0,0.0,0.0,0.0,0.0,0.0,0.0,0.0,0.0,0.0,0.0,0.0,0.0,0.0,0.0,0.0,0.32753845366408685,0.0,0.0,0.0,0.0,0.0,0.0,0.0,0.0,0.0,0.0,0.27749996008219824
2016-06-30,0.0,0.0,0.0,0.0,0.0,0.0,0.05868576936295976,0.0,0.0,0.0,0.0,0.0,0.0,0.0,0.0,0.0,0.0,0.0,0.0,0.0,0.0,0.0,0.0,0.0,0.0,0.0,0.0,0.0,0.0,0.0,0.0,0.0,0.0,0.0,0.0,0.0,0.3281811552138704,0.0,0.0,0.0,0.0,0.0,0.0,0.0,0.0,0.0,0.0,0.27921537742736807
2016-07-31,0.0,0.0,0.0,0.0,0.0,0.0,0.06108221310954962,0.0,0.0,0.0,0.0,0.0,0.0,0.0,0.0,0.0,0.0,0.0,0.0,0.0,0.0,0.0,0.0,0.0,0.0,0.0,0.0,0.0,0.0,0.0,0.0,0.0,0.0,0.0,0.0,0.0,0.3293755562398614,0.0,0.0,0.0,0.0,0.0,0.0,0.0,0.0,0.0,0.0,0.2814315408619453
2016-08-31,0.0,0.0,0.0,0.0,0.0,0.0,0.0633166949374986,0.0,0.0,0.0,0.0,0.0,0.0,0.0,0.0,0.0,0.0,0.0,0.0,0.0,0.0,0.0,0.0,0.0,0.0,0.0,0.0,0.0,0.0,0.0,0.0,0.0,0.0,0.0,0.0,0.0,0.32870837894650123,0.0,0.0,0.0,0.0,0.0,0.0,0.0,0.0,0.0,0.0,0.28168914538379386
2016-09-30,0.0,0.0,0.0,0.0,0.0,0.0,0.06751629460140872,0.0,0.0,0.0,0.0,0.0,0.0,0.0,0.0,0.0,0.0,0.0,0.0,0.0,0.0,0.0,0.0,0.0,0.0,0.0,0.0,0.0,0.0,0.0,0.0,0.0,0.0,0.0,0.0,0.0,0.3316348508886231,0.0,0.0,0.0,0.0,0.0,0.0,0.0,0.0,0.0,0.0,0.28576345401843173
2016-10-31,0.0,0.0,0.0,0.0,0.0,0.0,0.0714140176122438,0.0,0.0,0.0,0.0,0.0,0.0,0.0,0.0,0.0,0.0,0.0,0.0,0.0,0.0,0.0,0.0,0.0,0.0,0.0,0.0,0.0,0.0,0.0,0.0,0.0,0.0,0.0,0.0,0.0,0.33319532141481245,0.0,0.0,0.0,0.0,0.0,0.0,0.0,0.0,0.0,0.0,0.2883087424943744
2016-11-30,0.0,0.0,0.0,0.0,0.0,0.0,0.07479248445626428,0.0,0.0,0.0,0.0,0.0,0.0,0.0,0.0,0.0,0.0,0.0,0.0,0.0,0.0,0.0,0.0,0.0,0.0,0.0,0.0,0.0,0.0,0.0,0.0,0.0,0.0,0.0,0.0,0.0,0.3330998744402722,0.0,0.0,0.0,0.0,0.0,0.0,0.0,0.0,0.0,0.0,0.28902669313730023
2016-12-31,0.0,0.0,0.0,0.0,0.0,0.0,0.07768433376908392,0.0,0.0,0.0,0.0,0.0,0.0,0.0,0.0,0.0,0.0,0.0,0.0,0.0,0.0,0.0,0.0,0.0,0.0,0.0,0.0,0.0,0.0,0.0,0.0,0.0,0.0,0.0,0.0,0.0,0.33228384750970763,0.0,0.0,0.0,0.0,0.0,0.0,0.0,0.0,0.0,0.0,0.2889204229419506
2017-01-31,0.0,0.0,0.0,0.0,0.0,0.0,0.08052725329680319,0.0,0.0,0.0,0.0,0.0,0.0,0.0,0.0,0.0,0.0,0.0,0.0,0.0,0.0,0.0,0.0,0.0,0.0,0.0,0.0,0.0,0.0,0.0,0.0,0.0,0.0,0.0,0.0,0.0,0.33170045246300606,0.0,0.0,0.0,0.0,0.0,0.0,0.0,0.0,0.0,0.0,0.289051879179389
2017-02-28,0.0,0.0,0.0,0.0,0.0,0.0,0.08398634414037227,0.0,0.0,0.0,0.0,0.0,0.0,0.0,0.0,0.0,0.0,0.0,0.0,0.0,0.0,0.0,0.0,0.0,0.0,0.0,0.0,0.0,0.0,0.0,0.0,0.0,0.0,0.0,0.0,0.0,0.33226707693723345,0.0,0.0,0.0,0.0,0.0,0.0,0.0,0.0,0.0,0.0,0.29034985944211567
2017-03-31,0.0,0.0,0.0,0.0,0.0,0.0,0.08992597652487978,0.0,0.0,0.0,0.0,0.0,0.0,0.0,0.0,0.0,0.0,0.0,0.0,0.0,0.0,0.0,0.0,0.0,0.0,0.0,0.0,0.0,0.0,0.0,0.0,0.0,0.0,0.0,0.0,0.0,0.33489704754984456,0.0,0.0,0.0,0.0,0.0,0.0,0.0,0.0,0.0,0.0,0.2940012646578677
2017-04-30,0.0,0.0,0.0,0.0,0.0,0.0,0.09375600745833924,0.0,0.0,0.0,0.0,0.0,0.0,0.0,0.0,0.0,0.0,0.0,0.0,0.0,0.0,0.0,0.0,0.0,0.0,0.0,0.0,0.0,0.0,0.0,0.0,0.0,0.0,0.0,0.0,0.0,0.33595053149874976,0.0,0.0,0.0,0.0,0.0,0.0,0.0,0.0,0.0,0.0,0.2958023483389611
2017-05-31,0.0,0.0,0.0,0.0,0.0,0.0,0.09680441721445267,0.0,0.0,0.0846894537285771,0.0,0.0,0.0,0.0,0.0,0.0,0.0,0.0,0.0,0.0,0.0,0.0,0.0,0.0,0.0,0.0,0.0,0.0,0.0,0.0,0.0,0.0,0.0,0.0,0.0,0.0,0.3361968825113484,0.0,0.0,0.0,0.0,0.0,0.0,0.0,0.0,0.0,0.0,0.30198876653684675
2017-06-30,0.0,0.0,0.0,0.0,0.0,0.0,0.09944777988050381,0.0,0.0,0.09094032655982297,0.0,0.0,0.0,0.0,0.0,0.0,0.0,0.0,0.0,0.0,0.0,0.0,0.0,0.0,0.0,0.0,0.0,0.0,0.0,0.0,0.0,0.0,0.0,0.0,0.0,0.0,0.33649375934229214,0.0,0.0,0.0,0.0,0.0,0.0,0.0,0.0,0.0,0.0,0.302969530465007
2017-07-31,0.0,0.0,0.0,0.0,0.0,0.0,0.10349479468121288,0.0,0.0,0.09540453817361512,0.0,0.0,0.0,0.0,0.0,0.0,0.0,0.0,0.0,0.0,0.0,0.0,0.0,0.0,0.0,0.0,0.0,0.0,0.0,0.0,0.0,0.0,0.0,0.0,0.0,0.0,0.3383293520921658,0.0,0.0,0.0,0.0,0.0,0.0,0.0,0.0,0.0,0.0,0.30560389498248147
2017-08-31,0.0,0.0,0.0,0.0,0.0,0.0,0.10778684433243892,0.0,0.0,0.09964167501780259,0.0,0.0,0.0,0.0,0.0,0.0,0.0,0.0,0.0,0.0,0.0,0.0,0.0,0.0,0.0,0.0,0.0,0.0,0.0,0.0,0.0,0.0,0.0,0.0,0.0,0.0,0.3403319162401559,0.0,0.0,0.0,0.0,0.0,0.0,0.0,0.0,0.0,0.0,0.3084917855089176
2017-09-30,0.0,0.0,0.0,0.0,0.0,0.0,0.10870791395284155,0.0,0.0,0.1011890031384717,0.0,0.0,0.0,0.0,0.0,0.0,0.0,0.0,0.0,0.0,0.0,0.0,0.0,0.0,0.0,0.0,0.0,0.0,0.0,0.0,0.0,0.0,0.0,0.0,0.0,0.0,0.3401576592094911,0.0,0.0,0.0,0.0,0.0,0.0,0.0,0.0,0.0,0.0,0.3088224381852866
2017-10-31,0.0,0.0,0.0,0.0,0.0,0.0,0.10923080185208157,0.0,0.0,0.10201047096727786,0.0,0.0,0.0,0.0,0.0,0.0,0.0,0.0,0.0,0.0,0.0,0.0,0.0,0.0,0.0,0.0,0.0,0.0,0.0,0.0,0.0,0.0,0.0,0.0,0.0,0.0,0.33997231570042463,0.0,0.0,0.0,0.0,0.0,0.0,0.0,0.0,0.0,0.0,0.3091436576151067
2017-11-30,0.0,0.0,0.0,0.0,0.0,0.0,0.11045046486602335,0.0,0.0,0.10301913137923323,0.0,0.0,0.0,0.0,0.0,0.0,0.0,0.0,0.0,0.0,0.0,0.0,0.0,0.0,0.0,0.0,0.0,0.0,0.0,0.0,0.0,0.0,0.0,0.0,0.0,0.0,0.3404477351249456,0.0,0.0,0.0,0.0,0.0,0.0,0.0,0.0,0.0,0.0,0.31020041027349415
2017-12-31,0.0,0.0,0.0,0.0,0.0,0.0,0.11316295174747089,0.0,0.0,0.10537984581311435,0.0,0.0,0.0,0.0,0.0,0.0,0.0,0.0,0.0,0.0,0.0,0.0,0.0,0.0,0.0,0.0,0.0,0.0,0.0,0.0,0.0,0.0,0.0,0.0,0.0,0.0,0.3421930129270206,0.0,0.0,0.0,0.0,0.0,0.0,0.0,0.0,0.0,0.0,0.31262694833921306
2018-01-31,0.0,0.0,0.0,0.0,0.0,0.0,0.11542361229997365,0.0,0.0,0.10731813616717918,0.0,0.0,0.0,0.0,0.0,0.0,0.0,0.0,0.0,0.0,0.0,0.0,0.0,0.0,0.0,0.0,0.0,0.0,0.0,0.0,0.0,0.0,0.0,0.0,0.0,0.0,0.3437756377229854,0.0,0.0,0.0,0.0,0.0,0.0,0.0,0.0,0.0,0.0,0.31489037997821495
2018-02-28,0.0,0.0,0.0,0.0,0.0,0.3995264731066016,0.1300025651549934,0.0,0.0,0.12294849201879837,0.0,0.0,0.0,0.0,0.0,0.0,0.0,0.0,0.0,0.0,0.0,0.0,0.0,0.0,0.0,0.0,0.0,0.0,0.0,0.0,0.0,0.0,0.0,0.0,0.0,0.0,0.3525859761155701,0.0,0.0,0.0,0.0,0.0,0.0,0.0,0.0,0.0,0.0,0.3613427210845689
2018-03-31,0.0,0.0,0.0,0.0,0.0,0.4006247614738146,0.13059550233452574,0.0,0.0,0.12369225245072266,0.0,0.0,0.0,0.0,0.0,0.0,0.0,0.0,0.0,0.0,0.0,0.0,0.0,0.0,0.0,0.0,0.0,0.0,0.0,0.0,0.0,0.0,0.0,0.0,0.0,0.0,0.3532146949072003,0.0,0.0,0.0,0.0,0.0,0.0,0.0,0.0,0.0,0.0,0.362619929190538
2018-04-30,0.0,0.0,0.0,0.0,0.0,0.5246772393327404,0.13293204011790674,0.0,0.0,0.12647400395374023,0.0,0.0,0.0,0.0,0.0,0.0,0.0,0.0,0.0,0.0,0.0,0.0,0.0,0.0,0.0,0.0,0.0,0.0,0.0,0.0,0.0,0.0,0.0,0.0,0.0,0.0,0.3548246312566492,0.0,0.0,0.0,0.0,0.0,0.0,0.0,0.0,0.0,0.0,0.4243886780308945
2018-05-31,0.0,0.0,0.0,0.0,0.0,0.5014213911184027,0.12833924216992243,0.0,0.0,0.1209434054928769,0.0,0.0,0.0,0.0,0.0,0.0,0.0,0.0,0.0,0.0,0.0,0.0,0.0,0.0,0.0,0.0,0.0,0.0,0.0,0.0,0.0,0.0,0.0,0.0,0.0,0.0,0.3531031550274628,0.0,0.0,0.0,0.0,0.0,0.0,0.0,0.0,0.0,0.0,0.42298528646378014
2018-06-30,0.0,0.0,0.0,0.0,0.0,0.5224987992490859,0.13129868815598025,0.0,0.0,0.12443676983078972,0.0,0.0,0.0,0.0,0.0,0.0,0.0,0.0,0.0,0.0,0.0,0.0,0.0,0.0,0.0,0.0,0.0,0.0,0.0,0.0,0.0,0.0,0.0,0.0,0.0,0.0,0.3551980618520605,0.0,0.0,0.0,0.0,0.0,0.0,0.0,0.0,0.0,0.0,0.42569412602985784
2018-07-31,0.0,0.0,0.0,0.0,0.0,0.5094656209859942,0.12983816383009056,0.0,0.0,0.1221831335220395,0.0,0.0,0.0,0.0,0.0,0.0,0.0,0.0,0.0,0.0,0.0,0.0,0.0,0.0,0.0,0.0,0.0,0.0,0.0,0.0,0.0,0.0,0.0,0.0,0.0,0.0,0.3551342410363966,0.0,0.0,0.0,0.0,0.0,0.0,0.0,0.0,0.0,0.0,0.4257185279604627
2018-08-31,0.0,0.0,0.0,0.0,0.0,0.49139476505513624,0.13246567476935184,0.0,0.0,0.12530700103760853,0.0,0.0,0.0,0.0,0.0,0.0,0.0,0.0,0.0,0.0,0.0,0.0,0.0,0.0,0.0,0.0,0.0,0.0,0.0,0.0,0.0,0.0,0.0,0.0,0.0,0.0,0.35718941854464825,0.0,0.0,0.0,0.0,0.0,0.0,0.0,0.0,0.0,0.0,0.42843390087846234
2018-09-30,0.0,0.0,0.0,0.0,0.0,0.47108779977497306,0.1330538463635975,0.0,0.0,0.12562785009824212,0.0,0.0,0.0,0.0,0.0,0.0,0.0,0.0,0.0,0.0,0.0,0.0,0.0,0.0,0.0,0.0,0.0,0.0,0.0,0.0,0.0,0.0,0.0,0.0,0.0,0.0,0.35814646464585825,0.0,0.0,0.0,0.0,0.0,0.0,0.0,0.0,0.0,0.0,0.4295931589827733
2018-10-31,0.0,0.0,0.0,0.0,0.0,0.45080469274306645,0.13540488770843426,0.0,0.0,0.12835999925023536,0.0,0.0,0.0,0.0,0.0,0.0,0.0,0.0,0.0,0.0,0.0,0.0,0.0,0.0,0.0,0.0,0.0,0.0,0.0,0.0,0.0,0.0,0.0,0.0,0.0,0.0,0.3601312402532833,0.0,0.0,0.0,0.0,0.0,0.0,0.0,0.0,0.0,0.0,0.43195667188880066
2018-11-30,0.0,0.0,0.0,0.0,0.0,0.43303149355723947,0.3261658812716565,0.0,0.0,0.12835104355466764,0.0,0.0,0.0,0.0,0.0,0.0,0.0,0.0,0.0,0.0,0.0,0.0,0.0,0.0,0.0,0.0,0.0,0.0,0.0,0.0,0.0,0.0,0.0,0.0,0.0,0.0,0.36111203051603497,0.0,0.0,0.0,0.0,0.0,0.0,0.0,0.0,0.0,0.0,0.4310804406826614
2018-12-31,0.0,0.0,0.0,0.0,0.0,0.4117167549746942,0.41193344082813543,0.0,0.0,0.12311649210279148,0.0,0.0,0.0,0.0,0.0,0.0,0.0,0.0,0.0,0.0,0.0,0.0,0.0,0.0,0.0,0.0,0.0,0.0,0.0,0.0,0.0,0.0,0.0,0.0,0.0,0.0,0.36047553678539485,0.0,0.0,0.0,0.0,0.0,0.0,0.0,0.0,0.0,0.0,0.45340238141493927
2019-01-31,0.0,0.0,0.0,0.0,0.0,0.40058175378228683,0.40501762018788956,0.0,0.0,0.11668697602005552,0.0,0.0,0.0,0.0,0.0,0.0,0.0,0.0,0.0,0.0,0.0,0.0,0.0,0.0,0.0,0.0,0.0,0.0,0.0,0.0,0.0,0.0,0.0,0.0,0.0,0.0,0.3591908318200386,0.0,0.0,0.0,0.0,0.0,0.0,0.0,0.0,0.0,0.0,0.45133899760083374
2019-02-28,0.0,0.0,0.0,0.0,0.0,0.38794509764211754,0.4081015609168284,0.0,0.0,0.11444043391346444,0.0,0.0,0.0,0.0,0.0,0.0,0.0,0.0,0.0,0.0,0.0,0.0,0.0,0.0,0.0,0.0,0.0,0.0,0.0,0.0,0.0,0.0,0.0,0.0,0.0,0.0,0.3592161409752473,0.0,0.0,0.0,0.0,0.0,0.0,0.0,0.0,0.0,0.0,0.45215626315267815
2019-03-31,0.0,0.0,0.0,0.0,0.0,0.3803451936778253,0.40843501909192803,0.0,0.0,0.1161548308371658,0.0,0.0,0.0,0.0,0.0,0.0,0.0,0.0,0.0,0.0,0.0,0.0,0.0,0.0,0.0,0.0,0.0,0.0,0.0,0.0,0.0,0.0,0.0,0.0,0.0,0.0,0.36097261979004863,0.0,0.0,0.0,0.0,0.0,0.0,0.0,0.0,0.0,0.0,0.4545331772604895
2019-04-30,0.0,0.0,0.0,0.0,0.0,0.37267024650107733,0.4097043421312757,0.0,0.0,0.11628709214378333,0.0,0.0,0.0,0.0,0.0,0.0,0.0,0.0,0.0,0.0,0.0,0.0,0.0,0.0,0.0,0.0,0.0,0.0,0.0,0.0,0.0,0.0,0.0,0.0,0.0,0.0,0.36209918363284116,0.0,0.0,0.0,0.0,0.0,0.0,0.0,0.0,0.0,0.0,0.45686883122073213
2019-05-31,0.0,0.0,0.0,0.0,0.0,0.36662661458053614,0.40862026685139996,0.0,0.0,0.11671052023583642,0.0,0.0,0.0,0.0,0.0,0.0,0.0,0.0,0.0,0.0,0.0,0.0,0.0,0.0,0.0,0.0,0.0,0.0,0.0,0.0,0.0,0.0,0.0,0.0,0.0,0.0,0.36326818597550475,0.0,0.0,0.0,0.0,0.0,0.0,0.0,0.0,0.0,0.0,0.45814318915122754
2019-06-30,0.0,0.0,0.0,0.0,0.0,0.3628637819444177,0.4074823423932852,0.0,0.0,0.11727907666712638,0.0,0.0,0.0,0.0,0.0,0.0,0.0,0.0,0.0,0.0,0.0,0.0,0.0,0.0,0.0,0.0,0.0,0.0,0.0,0.0,0.0,0.0,0.0,0.0,0.0,0.0,0.3643698439350142,0.0,0.0,0.0,0.0,0.0,0.0,0.0,0.0,0.0,0.0,0.4593492798314136
2019-07-31,0.0,0.0,0.0,0.0,0.0,0.360323615176429,0.40619645653434744,0.0,0.0,0.11949522001895181,0.0,0.0,0.0,0.0,0.0,0.0,0.0,0.0,0.0,0.0,0.0,0.0,0.0,0.0,0.0,0.0,0.0,0.0,0.0,0.0,0.0,0.0,0.0,0.0,0.0,0.0,0.36640733692467503,0.0,0.0,0.0,0.0,0.0,0.0,0.0,0.0,0.0,0.0,0.46160952490895635
2019-08-31,0.0,0.0,0.0,0.0,0.0,0.36767795191312996,0.4060100504704954,0.0,0.0,0.12759043007065735,0.0,0.0,0.0,0.0,0.0,0.0,0.0,0.0,0.0,0.0,0.0,0.0,0.0,0.0,0.0,0.0,0.0,0.0,0.0,0.0,0.0,0.0,0.0,0.0,0.0,0.0,0.37071388315004267,0.0,0.0,0.0,0.0,0.0,0.0,0.0,0.0,0.0,0.0,0.46653250973731386
2019-09-30,0.0,0.0,0.0,0.0,0.0,0.36457183862323816,0.4030244868755896,0.0,0.0,0.12808777159844162,0.0,0.0,0.0,0.0,0.0,0.0,0.0,0.0,0.04865303812815071,0.0,0.0,0.0,0.0,0.0,0.0,0.0,0.0,0.0,0.0,0.0,0.0,0.0,0.0,0.0,0.0,0.0,0.3719068089062166,0.0,0.0,0.0,0.0,0.0,0.0,0.0,0.0,0.0,0.0,0.4943496383007886
2019-10-31,0.0,0.0,0.0,0.0,0.0,0.3658554078804572,0.4005267891748397,0.0,0.0,0.13190101780948482,0.0,0.0,0.0,0.0,0.0,0.0,0.0,0.0,0.04991592089118335,0.0,0.0,0.0,0.0,0.0,0.0,0.0,0.0,0.0,0.0,0.0,0.0,0.0,0.0,0.0,0.0,0.0,0.37423125938884755,0.0,0.0,0.0,0.0,0.0,0.0,0.0,0.0,0.0,0.0,0.4970471940391899
2019-11-30,0.0,0.0,0.0,0.0,0.0,0.3554555228709587,0.395547367975963,0.0,0.0,0.12736729661487517,0.0,0.0,0.0,0.0,0.0,0.0,0.0,0.0,0.03760428926911715,0.0,0.0,0.0,0.0,0.0,0.0,0.0,0.0,0.0,0.0,0.0,0.0,0.0,0.0,0.0,0.0,0.0,0.37330660373157964,0.0,0.0,0.0,0.0,0.0,0.0,0.0,0.0,0.0,0.0,0.4958609418703359
2019-12-31,0.0,0.0,0.0,0.0,0.0,0.3547628193660342,0.3929378519039652,0.0,0.0,0.12951197082183807,0.0,0.0,0.0,0.0,0.0,0.0,0.0,0.0,0.02512467839828023,0.0,0.0,0.0,0.0,0.0,0.0,0.0,0.0,0.0,0.0,0.0,0.0,0.0,0.0,0.0,0.0,0.0,0.37504398002057593,0.0,0.0,0.0,0.0,0.0,0.0,0.0,0.0,0.0,0.0,0.4978169032859563
2020-01-31,0.0,0.0,0.0,0.0,0.0,0.34867947947707284,0.3890760228225454,0.0,0.0,0.12839574206912646,0.0,0.0,0.0,0.0,0.0,0.0,0.0,0.0,0.021151541188586757,0.0,0.0,0.0,0.0,0.0,0.0,0.0,0.0,0.0,0.0,0.0,0.0,0.0,0.0,0.0,0.0,0.0,0.3750437184158608,0.0,0.0,0.0,0.0,0.0,0.0,0.0,0.0,0.0,0.0,0.4977414540100164
2020-02-29,0.0,0.0,0.0,0.0,0.0,0.33886151550308474,0.3846095156805974,0.0,0.0,0.12447041263385683,0.0,0.0,0.0,0.0,0.0,0.0,0.0,0.0,0.020041217395256283,0.0,0.0,0.0,0.0,0.0,0.0,0.0,0.0,0.0,0.0,0.0,0.0,0.0,0.0,0.0,0.0,0.0,0.3717594821631932,0.0,0.0,0.0,0.0,0.0,0.0,0.0,0.0,0.0,0.0,0.49401078512918417
2020-03-31,0.0,0.0,0.0,0.0,0.0,0.3329714925802892,0.38435665005412195,0.0,0.0,0.12419982821737814,0.0,0.0,0.0,0.0,0.0,0.0,0.0,0.0,0.020905722411507066,0.0,0.0,0.0,0.0,0.0,0.0,0.0,0.0,0.0,0.0,0.0,0.0,0.0,0.0,0.0,0.0,0.0,0.36940289730662534,0.0,0.0,0.0,0.0,0.0,0.0,0.0,0.0,0.0,0.0,0.4916364120415352
2020-04-30,0.0,0.0,0.0,0.0,0.0,0.3332865453939196,0.3389426968830164,0.0,0.0,0.12834572467553917,0.0,0.0,0.0,0.0,0.0,0.0,0.0,0.0,0.05482276399487366,0.0,0.0,0.0,0.0,0.0,0.0,0.0,0.0,0.0,0.0,0.0,0.0,0.0,0.0,0.0,0.0,0.0,0.37412965021263656,0.0,0.0,0.0,0.0,0.0,0.0,0.0,0.0,0.0,0.0,0.41351577634586817
2020-05-31,0.0,0.0,0.0,0.0,0.0,0.33481137240328823,0.38761080173834817,0.0,0.0,0.13190708515885632,0.0,0.0,0.0,0.0,0.0,0.0,0.0,0.0,0.1287858235016385,0.0,0.0,0.0,0.0,0.0,0.0,0.0,0.0,0.0,0.0,0.0,0.0,0.0,0.0,0.0,0.0,0.0,0.4146685978712761,0.0,0.0,0.0,0.0,0.0,0.0,0.0,0.0,0.0,0.0,0.425437722649309
2020-06-30,0.0,0.0,0.0,0.0,0.0,0.3313636791609645,0.3823063561640666,0.0,0.0,0.13255226459206823,0.0,0.0,0.0,0.0,0.0,0.0,0.0,0.0,0.23075969699480972,0.0,0.0,0.0,0.0,0.0,0.0,0.0,0.0,0.0,0.0,0.0,0.0,0.0,0.0,0.0,0.0,0.0,0.41513307655644144,0.0,0.0,0.0,0.0,0.0,0.0,0.0,0.0,0.0,0.0,0.43012676696240865
2020-07-31,0.0,0.0,0.0,0.0,0.0,0.32976460485884884,0.3795532296471323,0.0,0.0,0.1343508657581492,0.0,0.0,0.0,0.0,0.0,0.0,0.0,0.0,0.20274370974132772,0.0,0.0,0.0,0.0,0.0,0.0,0.0,0.0,0.0,0.0,0.0,0.0,0.0,0.0,0.0,0.0,0.0,0.4164207826310019,0.0,0.0,0.0,0.0,0.0,0.0,0.0,0.0,0.0,0.0,0.4310888335023581
2020-08-31,0.0,0.0,0.0,0.0,0.0,0.3303011181443555,0.38081626689212905,0.0,0.0,0.13740821191689126,0.0,0.0,0.0,0.0,0.0,0.0,0.0,0.0,0.16942922851894215,0.0,0.0,0.0,0.0,0.0,0.0,0.0,0.0,0.0,0.0,0.0,0.0,0.0,0.0,0.0,0.0,0.0,0.41932071901703966,0.0,0.0,0.0,0.0,0.0,0.0,0.0,0.0,0.0,0.0,0.4340108000571837
2020-09-30,0.0,0.0,0.0,0.0,0.0,0.33514699552840926,0.38752187793220627,0.0,0.0,0.14283563805569469,0.2736331611894081,0.0,0.0,0.0,0.0,0.0,0.0,0.0,0.1396850341449708,0.0,0.0,0.0,0.0,0.0,0.0,0.0,0.0,0.0,0.0,0.0,0.0,0.0,0.0,0.0,0.0,0.0,0.42510868055307705,0.0,0.0,0.0,0.0,0.0,0.0,0.0,0.0,0.0,0.0,0.46582243868904477
2020-10-31,0.0,0.0,0.0,0.0,0.0,0.35123363887316167,0.4001838470687602,0.0,0.0,0.41787100151915774,0.2766094729703841,0.0,0.0,0.0,0.0,0.0,0.0,0.0,0.40149277361025776,0.0,0.0,0.0,0.0,0.0,0.0,0.0,0.0,0.0,0.5004475443501546,0.0,0.0,0.0,0.0,0.0,0.0,0.0,0.432564889704087,0.0,0.0,0.0,0.0,0.0,0.0,0.0,0.0,0.0,0.0,0.4744881153290991
2020-11-30,0.0,0.0,0.0,0.0,0.0,0.3609943183895738,0.40789972367449046,0.0,0.0,0.4117319019011344,0.27913425540777803,0.0,0.0,0.0,0.0,0.0,0.0,0.0,0.3925463833510598,0.0,0.0,0.0,0.0,0.0,0.0,0.0,0.0,0.0,0.5319757063852674,0.0,0.0,0.0,0.0,0.0,0.0,0.0,0.43733734821584214,0.0,0.0,0.0,0.0,0.0,0.0,0.0,0.0,0.0,0.0,0.47946459311746475
2020-12-31,0.0,0.0,0.0,0.0,0.0,0.35100876699145916,0.4063380347026772,0.0,0.0,0.3989769783337991,0.274061600316998,0.0,0.0,0.0,0.0,0.0,0.0,0.0,0.3685403123745731,0.0,0.0,0.0,0.0,0.0,0.0,0.0,0.0,0.0,0.5288099299775678,0.0,0.0,0.0,0.0,0.0,0.0,0.0,0.4387135087783285,0.0,0.0,0.0,0.0,0.0,0.0,0.0,0.0,0.0,0.0,0.4797809348598792
2021-01-31,0.0,0.0,0.0,0.0,0.0,0.36683850929792283,0.41895057149298576,0.0,0.0,0.4027616508844152,0.2844191654407714,0.0,0.0,0.0,0.0,0.0,0.0,0.0,0.4766337552621112,0.0,0.0,0.0,0.0,0.0,0.0,0.0,0.0,0.0,0.5303247554479381,0.0,0.0,0.0,0.0,0.0,0.0,0.0,0.4436516007396993,0.0,0.0,0.0,0.0,0.0,0.0,0.0,0.0,0.0,0.0,0.4656548084115177
2021-02-28,0.0,0.0,0.0,0.0,0.0,0.37877184527058627,0.4314143231838506,0.0,0.0,0.40866304932353037,0.2959209808391751,0.0,0.0,0.0,0.0,0.0,0.0,0.0,0.4751075617426211,0.0,0.0,0.0,0.0,0.0,0.0,0.0,0.0,0.0,0.5207714524950908,0.0,0.0,0.0,0.0,0.0,0.0,0.0,0.4475049301647989,0.0,0.0,0.0,0.0,0.0,0.0,0.0,0.0,0.0,0.0,0.4701764131981929
2021-03-31,0.0,0.0,0.0,0.0,0.0,0.3909399899274221,0.4503414504253913,0.0,0.0,0.3504978703458219,0.3110046050947844,0.0,0.0,0.0,0.0,0.0,0.0,0.0,0.5261851249271413,0.0,0.0,0.0,0.0,0.0,0.0,0.0,0.0,0.0,0.5047470437539445,0.0,0.0,0.0,0.0,0.0,0.0,0.0,0.4520063773061855,0.0,0.0,0.0,0.0,0.0,0.0,0.0,0.0,0.0,0.0,0.4774707537395796
2021-04-30,0.0,0.0,0.0,0.0,0.0,0.38776627006592895,0.4566450272314568,0.0,0.0,0.34469090474871145,0.3100789820446568,0.0,0.0,0.0,0.0,0.0,0.0,0.0,0.5195156084968248,0.0,0.0,0.0,0.0,0.0,0.0,0.0,0.0,0.0,0.4755058285402401,0.0,0.0,0.0,0.0,0.0,0.0,0.0,0.453766862019564,0.0,0.0,0.0,0.0,0.0,0.0,0.0,0.0,0.0,0.0,0.4792994315812208
2021-05-31,0.0,0.0,0.0,0.0,0.0,0.39262595054533556,0.4654614693209688,0.0,0.0,0.34956764995198225,0.31582733397560236,0.0,0.0,0.0,0.0,0.0,0.0,0.0,0.511500001759508,0.0,0.0,0.0,0.0,0.0,0.0,0.0,0.0,0.0,0.46431749699278335,0.0,0.0,0.0,0.0,0.0,0.0,0.0,0.4563554406615134,0.0,0.0,0.0,0.0,0.0,0.0,0.0,0.0,0.0,0.0,0.48229834150571926
2021-06-30,0.0,0.0,0.0,0.0,0.0,0.39459660078879916,0.4713891762944042,0.0,0.0,0.35093976290080736,0.31833980146907787,0.0,0.0,0.0,0.0,0.0,0.0,0.0,0.49889701744491016,0.0,0.0,0.0,0.0,0.0,0.0,0.0,0.0,0.0,0.4546143445654109,0.0,0.0,0.0,0.0,0.0,0.0,0.0,0.45835501403984713,0.0,0.0,0.0,0.0,0.0,0.0,0.0,0.0,0.0,0.0,0.4845852527095926
2021-07-31,0.0,0.0,0.0,0.0,0.0,0.38722871328327163,0.4708643169099859,0.0,0.0,0.34135752973995837,0.31274388430924965,0.0,0.0,0.0,0.0,0.0,0.0,0.0,0.4815923217820303,0.0,0.0,0.0,0.0,0.0,0.0,0.0,0.0,0.0,0.43794329877336846,0.0,0.0,0.0,0.0,0.0,0.0,0.0,0.45891570399135795,0.0,0.0,0.0,0.0,0.0,0.0,0.0,0.0,0.0,0.0,0.4849981468110129
2021-08-31,0.0,0.0,0.0,0.0,0.0,0.3914595134242423,0.47656858751912606,0.0,0.0,0.3447099297987984,0.316406106600514,0.0,0.0,0.0,0.0,0.0,0.0,0.0,0.4682191783004544,0.0,0.0,0.0,0.0,0.0,0.0,0.0,0.0,0.0,0.4364178454665839,0.0,0.0,0.0,0.0,0.0,0.0,0.0,0.46083812704529364,0.0,0.0,0.0,0.0,0.0,0.0,0.0,0.0,0.0,0.0,0.48722956270420104
2021-09-30,0.0,0.0,0.0,0.0,0.0,0.4020660729154438,0.4862604032975214,0.0,0.3837308168276929,0.3569017201511405,0.3249594075803724,0.0,0.0,0.0,0.0,0.0,0.0,0.0,0.45889693743596255,0.0,0.0,0.0,0.0,0.0,0.0,0.0,0.0,0.11432618762844086,0.44369765530550803,0.0,0.0,0.0,0.0,0.0,0.0,0.0,0.4635251752607328,0.0,0.0,0.0,0.14572462956027402,0.0,0.0,0.0,0.0,0.0,0.0,0.5198411790668479
2021-10-31,0.0,0.0,0.0,0.0,0.08038266362496602,0.3198780361917275,0.48780739263228723,0.0,0.30223280649283907,0.35433294447783814,0.32448936114145815,0.0,0.0,0.0,0.0,0.0,0.0,0.0,0.4477073327136875,0.0,0.0,0.0,0.0,0.0,0.0,0.0,0.0,0.12464939837997492,0.4390280111470439,0.0,0.0,0.0,0.0,0.0,0.0,0.0,0.4644971930436376,0.0,0.0,0.0,0.15179771528954805,0.0,0.0,0.0,0.0,0.0,0.0,0.522863274686782
2021-11-30,0.0,0.0,0.0,0.0,0.08478702977793003,0.3215621676743982,0.49296080036316003,0.0,0.30018796814972265,0.3583918460219789,0.3276429329142372,0.0,0.0,0.0,0.0,0.0,0.0,0.0,0.4408461367613978,0.0,0.0,0.0,0.0,0.0,0.0,0.0,0.0,0.13342587824238622,0.44004536606080613,0.0,0.0,0.0,0.0,0.0,0.0,0.0,0.46616927539839076,0.0,0.0,0.0,0.15612774660566814,0.0,0.0,0.0,0.0,0.0,0.0,0.5247952476396872
2021-12-31,0.0,0.0,0.0,0.0,0.08944276562183232,0.32733306721185673,0.49919507916959693,0.0,0.3037492012374014,0.36573678326826664,0.3318296678040696,0.0,0.0,0.0,0.0,0.17671745656514437,0.0,0.0,0.4368502770410871,0.0,0.0,0.0,0.0,0.0,0.0,0.0,0.0,0.14017919410175106,0.4431219151998509,0.0,0.0,0.0,0.0,0.0,0.0,0.0,0.46806055811933994,0.0,0.0,0.0,0.15934389639113244,0.0,0.0,0.0,0.0,0.0,0.0,0.5037954838418959
2022-01-31,0.0,0.0,0.0,0.0,0.39421781676689654,0.326465598691988,0.5003728627442409,0.0,0.30853724800489535,0.363402435986104,0.33213715994086584,0.0,0.0,0.0,0.0,0.3684436027617504,0.0,0.0,0.4323993480458977,0.2835107749200881,0.0,0.0,0.0,0.0,0.0,0.0,0.0,0.14263048584590232,0.4405259728396204,0.0,0.0,0.0,0.0,0.0,0.0,0.0,0.46889842480628907,0.0,0.0,0.0,0.16002443231991334,0.0,0.0,0.0,0.0,0.3066087504297361,0.0,0.5281087252520892
2022-02-28,0.0,0.0,0.0,0.0,0.44419757080749533,0.32501931927833994,0.5013138200475074,0.0,0.31191987529099235,0.3609988492603698,0.3321751356575148,0.0,0.0,0.0,0.0,0.3698053972155697,0.0,0.0,0.4452155991659871,0.37221132173262705,0.28549204247405346,0.0,0.0,0.0,0.0,0.0,0.0,0.14387593360601272,0.43784588724475126,0.0,0.0,0.0,0.0,0.0,0.0,0.0,0.4695801442021773,0.0,0.0,0.0,0.1602610702831114,0.0,0.0,0.08600273572741451,0.0,0.41210659485200485,0.0,0.5266318021313233
2022-03-31,0.0,0.0,0.0,0.0,0.4224444399914807,0.3832926234401617,0.5359805514446755,0.0,0.31271079120668854,0.3529899703564139,0.328656912270069,0.0,0.0,0.0,0.0,0.41938682914274295,0.0,0.0,0.44124677017854663,0.45948166184959716,0.2829877772780787,0.0,0.0,0.0,0.0,0.0,0.0,0.1421083034205676,0.4295011251439268,0.0,0.0,0.0,0.0,0.0,0.0,0.0,0.4696658887030885,0.0,0.0,0.0,0.15820444364515407,0.0,0.0,0.08662605845390724,0.0,0.45382384831049405,0.0,0.5299467712991933
2022-04-30,0.08783313419071469,0.0,0.0,0.0,0.4075960473004428,0.39683542967700886,0.5421338435571259,0.0,0.3200855345504847,0.36326127591692287,0.33591902620228065,0.0,0.0,0.0,0.0,0.436492369604049,0.0,0.0,0.44596058699656643,0.409830488590519,0.4632877161642089,0.0,0.0,0.0,0.0,0.0,0.08543026039838958,0.14865788029561328,0.3707420637480542,0.0,0.0,0.0,0.0,0.0,0.0,0.0,0.47172469322797755,0.0,0.0,0.2826042569727732,0.16310227300315008,0.0,0.25922287587815934,0.08940381886005959,0.0,0.4212401116322489,0.0,0.5304810850606098
2022-05-31,0.0715976308650795,0.0,0.0,0.0,0.3510062411850003,0.34781732813854416,0.5334453815679692,0.0,0.3106021838511465,0.34226468628140855,0.32147419231218977,0.0,0.0,0.0,0.0,0.4319734627694747,0.0,0.0,0.4346411315337841,0.33740759518550534,0.39802902132302054,0.0,0.0,0.0,0.0,0.0,0.06959644520646847,0.13854649575684705,0.34912320926836704,0.0,0.0,0.0,0.0,0.0,0.0,0.0,0.46990496560058964,0.0,0.0,0.2589288888327362,0.15368352297068394,0.0,0.2343280900351633,0.08238422634260112,0.0,0.3560647982528765,0.0,0.5328093231937007
2022-06-30,0.08234428902618098,0.0,0.0,0.0,0.3381873010189945,0.35521564959305296,0.4567695860479896,0.0,0.3166960585670912,0.3501142253852463,0.3301909421611652,0.0,0.0,0.0,0.0,0.43899469896394006,0.0,0.0,0.428949821146964,0.30224380870214873,0.379956617703627,0.0,0.0,0.0,0.0,0.0,0.07652164891438795,0.1456144114632956,0.3604197518057095,0.0,0.0,0.0,0.0,0.0,0.0,0.0,0.47191122384418666,0.0,0.0,0.2657730963489193,0.16009274998911902,0.0,0.24137120301388368,0.0822214197872752,0.0,0.3259909500758994,0.0,0.5345513912202161
2022-07-31,0.08338317700348524,0.0,0.0,0.0,0.3171438106089014,0.3550734784830724,0.48602535366516725,0.0,0.3157352631112267,0.3464203975399902,0.32811627480398947,0.0,0.0,0.0,0.0,0.436471171158306,0.0,0.0,0.41198200883237074,0.2167490850580077,0.36996669843472507,0.0,0.0,0.0,0.0,0.0,0.07473179458130308,0.145120451621528,0.3564502420498075,0.0,0.0,0.0,0.0,0.0,0.0,0.0,0.47213859128200825,0.0,0.0,0.2609572428861679,0.15923250766104,0.0,0.23653772439593554,0.07947146310112883,0.0,0.3052482305998158,0.0,0.5364222187264529
2022-08-31,0.10039922797775856,0.0,0.0,0.0,0.3224564636664337,0.36372919536957876,0.48655714216251567,0.0,0.3225716894235253,0.35673750732288784,0.3386923528699041,0.0,0.0,0.0,0.0,0.44092998670311523,0.0,0.0,0.3964846739306284,0.20866219952351164,0.37162927935680035,0.0,0.0,0.33877023884600194,0.0,0.0,0.08819835716353233,0.15389524347573766,0.3708475131979296,0.0,0.0,0.0,0.0,0.0,0.0,0.0,0.5045196845326843,0.0,0.0,0.2733006120329623,0.41621772890556613,0.0,0.24950518406529917,0.08374284349298863,0.0,0.30195107313840225,0.0,0.509026913233827
2022-09-30,0.10929723681727702,0.0,0.0,0.0,0.3210614799463252,0.36750149818996186,0.5609094509014867,0.0,0.32480786464914924,0.35880853117739453,0.34204127854781957,0.0,0.0,0.0,0.0,0.4398432579552909,0.0,0.0,0.4245312866418863,0.24878794205591565,0.3699280258527781,0.0,0.0,0.35667259218344166,0.0,0.0,0.09491943539967984,0.15756126227422823,0.3745902990893196,0.0,0.0,0.0,0.0,0.0,0.0,0.0,0.5349802560745957,0.0,0.0,0.276420137622755,0.4215429563975176,0.0,0.3525340449339451,0.08656760061717413,0.0,0.29830995627754925,0.0,0.5164763047136164
2022-10-31,0.12592378365241746,0.0,0.0,0.0,0.32942491674892893,0.37414830902110413,0.5806537240086238,0.0,0.3302623893230591,0.3686834147181963,0.35002615612169213,0.0,0.0,0.0,0.0,0.4410527184497861,0.0,0.0,0.4183258027134924,0.24290882113117848,0.37119559400040475,0.0,0.0,0.3788870337490261,0.0,0.0,0.109728493583146,0.1654163908416376,0.3866125738977827,0.0,0.0,0.0,0.0,0.0,0.0,0.0,0.542378147046624,0.0,0.0,0.28424066945533055,0.4306288628842517,0.0,0.3554182349758099,0.0931238855804384,0.0,0.29986724594914804,0.0,0.5185241995125283
2022-11-30,0.13581633381666258,0.0,0.0,0.0,0.33314039665597694,0.37889422453179494,0.5826433711515727,0.0,0.33283154671862386,0.3720387827003731,0.35379978863986766,0.0,0.0,0.0,0.0,0.3473061933494274,0.0,0.0,0.4149718214575259,0.23574235798826235,0.36691174322905185,0.0,0.0,0.30426373590933803,0.0,0.0,0.11914449282929407,0.16997919494261723,0.3911171181677891,0.0,0.0,0.0,0.0,0.0,0.0,0.0,0.5415409625629075,0.0,0.0,0.287270722143317,0.3458203928442442,0.0,0.35367268187314876,0.09846422701611564,0.0,0.298407363378101,0.0,0.4883637587322918
2022-12-31,0.1371566333719335,0.0,0.0,0.0,0.33346444592684327,0.38173260095699996,0.6220545361995855,0.0,0.33290968481819116,0.36724585512953584,0.3541052760501646,0.5386098871599799,0.0,0.0,0.0,0.32905741181311854,0.0,0.0,0.3866610374137956,0.2205728418557332,0.3766678719789842,0.0,0.0,0.2865241353434138,0.0,0.0,0.12161830176601143,0.4211779216153453,0.38811507579275195,0.0,0.0,0.0,0.0,0.0,0.0,0.0,0.5826915918737181,0.0,0.0,0.28677871307504577,0.37846749822135645,0.0,0.34927320504411646,0.10214268942746553,0.0,0.2961757785121358,0.0,0.50661851397718
2023-01-31,0.13608495511884633,0.0,0.0,0.30129199759864367,0.33174073552048333,0.3827535664918657,0.6360842306362614,0.0,0.3324809627529322,0.3614503864929893,0.3529593665650634,0.5404445420503825,0.0,0.0,0.3317392443291916,0.32320624461396774,0.0,0.0,0.38575730735314107,0.20938195094847084,0.3663272474703547,0.0,0.0,0.2911481841950287,0.0,0.0,0.12195865800928966,0.3156519002303028,0.3576751190894447,0.0,0.0,0.0,0.0,0.0,0.0,0.0,0.5624509597798434,0.0,0.0,0.2838433304286859,0.37484092400594937,0.0,0.3428198972835615,0.10628347074026102,0.0,0.2936110567122561,0.0,0.49628164362288285
2023-02-28,0.1394484846594332,0.0,0.0,0.29513988141297814,0.33397301455202927,0.38476112855384986,0.636947061777195,0.0,0.3337866340522698,0.3602823316467197,0.3543271688513672,0.5856471927611129,0.0,0.0,0.32449525495590437,0.3231671350631941,0.0,0.0,0.386734564404612,0.20498223780716324,0.3627756581957812,0.0,0.0,0.30086108705604986,0.0,0.0,0.12667684293170028,0.316638690168221,0.3679581812100867,0.0,0.0,0.0,0.0,0.0,0.0,0.0,0.5930714305185024,0.0,0.0,0.28371611345012054,0.3591124270470946,0.0,0.3397396310303649,0.11174189412929378,0.0,0.29308312058976743,0.0,0.4884746340143367
2023-03-31,0.1444516339719757,0.0,0.0,0.29289155351494445,0.3385155302439294,0.38762717679297154,0.6296065036747184,0.0,0.353815531230108,0.360322602011501,0.35689611048754133,0.492139528812962,0.0,0.0,0.32336878267359853,0.3255898279832116,0.0,0.0,0.38858617460753686,0.20270568988159135,0.36123644402154054,0.0,0.0,0.31515157680543077,0.0,0.0,0.1333931792446505,0.45823908327111873,0.37399450303139586,0.0,0.0,0.0,0.0,0.0,0.0,0.0,0.6172050341074625,0.0,0.0,0.2848834801597486,0.35895044244719176,0.0,0.33799350182187854,0.11875743354354647,0.0,0.2932409374805994,0.0,0.4873652227649934
2023-04-30,0.14187527302224368,0.23205415528621218,0.2366634469109555,0.3180159638673785,0.33160304129626034,0.3829671280597769,0.6271341178978738,0.0,0.3498550362803994,0.3801481566158887,0.3520815222220142,0.45487198305452514,0.27653067055097164,0.0,0.3652557050404734,0.3271689692556762,0.0,0.0,0.3879148010605584,0.19956168394932713,0.357505866777243,0.0,0.0,0.37466534120377853,0.3206349920783731,0.0,0.13238527359021016,0.42592752010077023,0.3650884959434548,0.0,0.3208191045146863,0.0,0.0,0.0,0.0,0.0,0.6107520588455544,0.0,0.0,0.3482985339633873,0.362189069808393,0.0,0.3270968844796749,0.45939019956218324,0.0,0.2648221146976413,0.0,0.4803986168473343
2023-05-31,0.1533730207470131,0.25035467254190186,0.2643638529752868,0.31283249319221434,0.34715090168393115,0.3920232021198493,0.631677475341239,0.0,0.35573069034915844,0.3872610755729792,0.3617758270209272,0.453109261531924,0.2995757579685638,0.0,0.37141230888052995,0.3428144697563587,0.0,0.0,0.3929408596731138,0.20323349304486374,0.36761436623697286,0.0,0.0,0.3201589214037005,0.32155863457823175,0.0,0.14545895484068305,0.4402726749871439,0.37721611297559965,0.0,0.31882280169691907,0.0,0.0,0.0,0.0,0.0,0.6208581265533706,0.0,0.0,0.2843936586430198,0.3096583080350783,0.0,0.33658778594828453,0.46834016403668033,0.0,0.2706577533436068,0.0,0.4827288576438778
2023-06-30,0.1581109407103828,0.26306931077011203,0.27644841295898803,0.31320306046110163,0.3518811736707071,0.3941653258395867,0.632587406670786,0.0,0.35794850071688306,0.38736890843747634,0.3643367535412092,0.45265237893041815,0.30761712978794437,0.0,0.37302427684722134,0.3477439304593111,0.0,0.0,0.39533721920989673,0.20620600433815148,0.36834232479466,0.0,0.0,0.326398892115946,0.3223012797150283,0.0,0.1516244492343299,0.42459591038646965,0.37980033758136605,0.0,0.3222263186554051,0.0,0.0,0.0,0.0,0.0,0.6173972834158393,0.0,0.0,0.28593936799366726,0.313878224025003,0.0,0.33748291790079893,0.4672711365687171,0.0,0.2680855852137664,0.0,0.4824175828083332
2023-07-31,0.16345867709069298,0.2625618622412564,0.2607608649945626,0.31319377624862144,0.35737151200952066,0.3965479772127092,0.633580847909331,0.0,0.3609827414476474,0.3879920367583921,0.36744026854688333,0.45591823949760474,0.2955056949875598,0.0,0.3740104267809354,0.35205422905160466,0.0,0.0,0.3980616960481743,0.2106164701727383,0.369456370471935,0.0,0.0,0.3306324879424671,0.3244671168266501,0.0,0.15817899281873998,0.42690785384370816,0.3117355404011497,0.0,0.32902417549355933,0.0,0.0,0.0,0.0,0.0,0.6145725893186075,0.0,0.0,0.2886150310558024,0.31711128105577197,0.0,0.34002032401037324,0.472079556276861,0.0,0.2702899020291276,0.0,0.48222401097715584
2023-08-31,0.17187241328952357,0.2549244621763144,0.24908803134976046,0.34531131732607157,0.36783341717535145,0.40203984421834466,0.6360146933049949,0.0,0.3657610745982896,0.3918334605727109,0.373476775356761,0.47690308537984777,0.2791642073315793,0.0,0.37550728822284896,0.35999235354069636,0.0,0.0,0.4018234387741643,0.21690356004555597,0.37415438800943596,0.0,0.0,0.3354937138299051,0.3292007742890745,0.0,0.16774258477750129,0.42136918318583866,0.31928615063160465,0.0,0.3359198915015905,0.41865727036216377,0.0,0.0,0.4966014017617505,0.0,0.6133059235912431,0.0,0.0,0.29593480385118787,0.3716364561810534,0.0,0.3473696224426847,0.4764552231923065,0.0,0.2748476411253724,0.0,0.483148025792483
2023-09-30,0.1762427954723598,0.287763140754688,0.2582449107229724,0.3649727233293593,0.39281530833285766,0.40311646619196134,0.6361398770873425,0.0,0.36852183731304766,0.4616667564564981,0.3753092608508532,0.5068472961701134,0.17695261503589194,0.0,0.375454702228059,0.37855250768257415,0.0,0.0,0.4302789278310247,0.2933763620471123,0.4002775762021284,0.0,0.0,0.337848237024274,0.33174057700854975,0.0,0.17297852187248594,0.39707939650750934,0.3401380861917933,0.0,0.33813775460181267,0.5284403433363964,0.0,0.0,0.44754557505182563,0.0,0.6108269490453977,0.0,0.0,0.3259195654774074,0.39829457608857466,0.0,0.5393280296975113,0.4775398323126228,0.0,0.3161657889725697,0.0,0.5156191382948176
2023-10-31,0.1783115225930603,0.2965320227365311,0.43242494473388304,0.3562127046111811,0.389876919721444,0.39933927976089845,0.6342601876313906,0.0,0.36971241855287224,0.45726513529267176,0.3731976603490155,0.4881080982560553,0.18884929068008152,0.0,0.37433780694943314,0.37793804703271366,0.0,0.0,0.42908514979499646,0.36846051926674306,0.39579238794684524,0.0,0.0,0.3401775423342764,0.33211650416170285,0.0,0.17593920741279062,0.3890512861317183,0.3363627929540703,0.0,0.3366737978520716,0.3797338808953962,0.0,0.0,0.3462784548745075,0.0,0.6071770539986426,0.0,0.08608868384708772,0.3225353831322644,0.43023962388200093,0.0,0.5440441089177791,0.47573759693980716,0.0,0.3151338460989605,0.0,0.537313788474681
2023-11-30,0.18571827616623585,0.3035755799604211,0.35178411247018815,0.3561082725539681,0.39700606710166597,0.4032314606005964,0.635594992485639,0.0,0.37450951329542564,0.4594331242490069,0.37786269401237804,0.4804312120918187,0.20015562048053434,0.0,0.37577654525357795,0.3831993588893552,0.0,0.0,0.43021028434503794,0.3810341259705147,0.39740909671743774,0.0,0.0,0.34424297592052316,0.3345890642712179,0.0,0.18394761977202082,0.38463864051683677,0.34142438120571333,0.0,0.3359609190044552,0.31350310588983266,0.0,0.0,0.28985906081761037,0.0,0.6064541977716305,0.0,0.07001328436533874,0.32872677879022766,0.4312222357125001,0.0,0.5428883142093363,0.4740551726667725,0.0,0.31891190405648057,0.0,0.5396496454970264
2023-12-31,0.47488963616369545,0.3094853960601751,0.31438066274950643,0.34482366518541907,0.39532793586451065,0.399390810337614,0.6338262980028824,0.278521720819608,0.3757423196877748,0.45574119115903206,0.4344584560775118,0.46726043869019745,0.20265696472414907,0.0,0.3751697602443776,0.3828786197442119,0.0,0.0,0.463425469622977,0.3747536070250359,0.3907255725282777,0.0,0.0,0.3466645562686199,0.33383105187811984,0.0,0.18746825399925457,0.3732012246728594,0.3388929116082959,0.0,0.34148968823968257,0.27445943307226145,0.2991891572791691,0.2698391948472567,0.2685511469854312,0.0,0.6035260528019661,0.0,0.06340584748882579,0.326556000216561,0.42780611899325577,0.0,0.5335206469371259,0.4693648677335172,0.0,0.3184882206658334,0.0,0.5290958230673438
2024-01-31,0.47227447832734026,0.31428152984478064,0.2642108597528427,0.3465664867844884,0.3923466152625039,0.388675936680039,0.6293280388176067,0.28895075426058386,0.3745465388919338,0.44839795814743993,0.4269923981972121,0.4571412153281406,0.19222911063279788,0.0,0.37226906741471744,0.372577732783693,0.0,0.0,0.4604567735422537,0.38445557710081374,0.37686294878883286,0.0,0.0,0.34943052449455203,0.33108949760046236,0.0,0.18894928702946392,0.3688493569215054,0.3337487214592993,0.0,0.2656590936227622,0.24693283385674591,0.3002972117569156,0.28312189793964676,0.2423689496532997,0.0,0.5984702653999381,0.0,0.06473332409579095,0.32332891000148944,0.42384848822063115,0.0,0.5232029328999284,0.46409138750540013,0.0,0.3226930942424079,0.0,0.5257266565714754
2024-02-29,0.30312024478248706,0.3212624831532891,0.2768566914917563,0.37117140539879734,0.3941829338212783,0.3811185299141822,0.6254510854807344,0.2942721071610386,0.3730989539038142,0.44456443639742377,0.31003487039768635,0.44968678312763377,0.19489740657637866,0.053948749846374634,0.36975627741707273,0.3710622924435826,0.0,0.0,0.4559837461858473,0.3817916585676664,0.37507322324578685,0.0,0.0,0.36059229785082364,0.32947065378781254,0.0,0.1910907875833111,0.3920210651537022,0.3330079656762108,0.0,0.2639775136132425,0.22794663857038241,0.2911561623543623,0.28492878631970325,0.24505490999868926,0.0,0.5944955955061783,0.0,0.06751564995602563,0.32350485908704063,0.4558636442020825,0.0,0.516926289765216,0.458274669869285,0.0,0.32303038333108647,0.0,0.5418561706496648
2024-03-31,0.3107246778720968,0.329323658261111,0.2832342366980531,0.3710774504148081,0.39870201620982226,0.3814208915839006,0.6249027820019211,0.29559226671489813,0.376207260900093,0.4447501973227469,0.3112989241583573,0.4454227949121341,0.20340151698062714,0.034953479986965366,0.37238154100920806,0.3744634062077198,0.0,0.0,0.4549680092305939,0.3810158972353916,0.37735998756129613,0.0,0.0,0.3738717471276267,0.3331046881688567,0.0,0.19704830429748152,0.39652195242694405,0.30024805259943743,0.0,0.26902400714675817,0.2190967350573699,0.2777400396995702,0.27404902730592384,0.2525639466213862,0.0,0.5933508055683536,0.0,0.07882628449660738,0.3281563029123559,0.45778291325046894,0.0,0.5150634801020262,0.4567253579780207,0.0,0.3274460796902992,0.0,0.5409510432556065
2024-04-30,0.39443500855273533,0.3393135368627904,0.29787131599643835,0.394013017393746,0.4057700965677355,0.32251176500560147,0.6282966008960567,0.29511521113856626,0.384895025167626,0.4488197647283015,0.33182427544546206,0.46256149389320533,0.21679095037724244,0.033875727009684074,0.3816299853710372,0.38287889199044417,0.0,0.0,0.4573534424620326,0.3830150142531425,0.3979933656219322,0.2935705400446513,0.0,0.3812676907772952,0.3434256574950188,0.0,0.20779137309593873,0.40225574693065536,0.306206968365439,0.08636039643785083,0.30068150236102015,0.22185948913307835,0.2800604473519734,0.26755244039263865,0.26835495765755524,0.0,0.5952968563141464,0.0,0.14657093787157086,0.33715945560712984,0.46113594623788756,0.0,0.5173941542571368,0.46042446012910176,0.0,0.33597336537221684,0.0,0.5500887445860226
2024-05-31,0.48391059787364266,0.4107114437356712,0.4604889648152595,0.31231277065676505,0.5618875896185954,0.40811394397377976,0.6176174655523844,0.23519231559994186,0.401351522375042,0.38219074121935964,0.38223074955527014,0.47551362951051906,0.4358041134373892,0.5124818878877981,0.393309163889132,0.46170674454287197,0.0,0.5685367269112828,0.5013922443843988,0.478977343874219,0.4277476742029461,0.2857685966646813,0.4761579628687164,0.3839293233609108,0.24199095336108353,0.0,0.4731360791432146,0.33653364613246844,0.3641855553404971,0.06789740669336221,0.17215321296550895,0.21021152522056188,0.2957977657976081,0.22115066187741222,0.26275939930467945,0.0,0.588981261778589,0.3858201682697267,0.3054277078878387,0.24843013684250093,0.35776103707602397,0.0,0.47069180158050516,0.45596678174435645,0.42558691141321087,0.4151776048996023,0.0,0.5858036499452911
2024-06-30,0.6040869208651698,0.39935384879762625,0.43122483018351293,0.29599716502643675,0.5533233647476656,0.40038243699020654,0.6096127875081785,0.28373136057857473,0.2838601246417541,0.38030520722936445,0.3809134202249643,0.4792245399700092,0.4405601739188649,0.4964779329048834,0.39209218923340877,0.4604852105764037,0.0,0.49693952144302644,0.5224972646872031,0.4757990230177687,0.4493846450280599,0.2768880855994707,0.4842657923555749,0.39403248764868176,0.38824317094720284,0.0,0.46008913659814127,0.35011994937958085,0.3496938452489972,0.06533461015759438,0.21918639124976524,0.20880348517215647,0.20882182690455217,0.2866172325014272,0.26773010545109494,0.0,0.5853495512448857,0.2810482716825996,0.3055671611429247,0.3263127397079532,0.5083928473527799,0.0,0.49304358394592496,0.4547341104235036,0.507785481651723,0.41729705861471417,0.33278386030770946,0.5680397114992903
2024-07-31,0.6466128393302518,0.40306295620011906,0.4301348042492913,0.4205568867292874,0.5540852845403481,0.4117401637000348,0.6107897334996202,0.35883853106316915,0.29547520658841997,0.3907944902186123,0.4286872776643507,0.4910715355781212,0.44440592815748753,0.5253613499349405,0.42753334644558144,0.46721731998538896,0.0,0.47907113446439786,0.5527454271088967,0.4750792757133991,0.5024556347692215,0.19783355294470428,0.290650539500594,0.403884757242946,0.343919459933302,0.0,0.458398401315729,0.44919682667554706,0.3543743517848636,0.08046898555731821,0.29208532327446673,0.22174840532694307,0.2344355148838165,0.29443167420485555,0.27467140901693293,0.0,0.5878098231149529,0.36726972896947024,0.3257621214079057,0.34471768382018064,0.5070661561914107,0.0,0.5115290603404784,0.3457233628092806,0.4645678336860691,0.42465436906046183,0.27292448482739884,0.5977247347666187
2024-08-31,0.6358498588389926,0.47802699488264083,0.47242593572137176,0.4196587184464942,0.568735420532274,0.4335278521349771,0.5978373779191337,0.39231416421207543,0.3961930885873043,0.46901347085552625,0.435816687905927,0.6130904507301344,0.4777809288538312,0.6646139828422142,0.45848056869824166,0.5115691380724836,0.0,0.5638323470758222,0.5405774941229795,0.47869794453603864,0.49115989050600245,0.3805688995235254,0.38333052731015815,0.4028271915722544,0.4493255259204552,0.0,0.6997550592182277,0.4475643790329971,0.35445154929644684,0.08889977348562157,0.37315998990128246,0.2844678511675354,0.25177840355457537,0.2990223304442587,0.27885294395492755,0.0,0.5813124272252441,0.5968418601683892,0.4948486028363789,0.39023488247556354,0.4153358313875253,0.0,0.5231975887173572,0.3731167047885524,0.5273648494783556,0.5183710971413118,0.4052382213561346,0.596742543271797
2024-09-30,0.6254357624177482,0.5572724646316111,0.5557186765524773,0.5151471945242008,0.6233004710874851,0.41963610711269134,0.5857842579096934,0.37787742559438703,0.3968377077963947,0.4749895649712763,0.4095923977950509,0.6132910790255119,0.45560471818608544,0.6307642111610876,0.45333838841284374,0.5116631217750485,0.0,0.6183801569958324,0.5257218300308247,0.5195848449990217,0.5226736993559021,0.46699177646451595,0.4741149257622553,0.403221209225892,0.48307354806486175,0.0,0.6766757402284237,0.48819364324744136,0.378341273900897,0.27236099560279226,0.4594251539027463,0.36671558593816966,0.39888827675398963,0.32074279483878837,0.439909511268079,0.0,0.5766558873562558,0.5539142594860618,0.5925799297353178,0.4565672250493785,0.43444139735006937,0.0,0.5638050965668303,0.3659583348280452,0.6298985832525456,0.5261077791973992,0.31414537416166055,0.6416890754685173
2024-10-31,0.6302618817487482,0.5541999777283786,0.5488946911350258,0.4034319398350213,0.6160730511134096,0.4749369578401293,0.5841213727121136,0.47095135895229406,0.44280839756239126,0.47946925121772466,0.4148264895032313,0.6018282837291786,0.4607855792099341,0.5976759824773792,0.40450341043614896,0.5073452387119234,0.35705532065984563,0.5574036380723776,0.5507098494885251,0.5166003622245577,0.5675664616188092,0.4415367891345163,0.48668137391182525,0.4090388836492713,0.47723356246672843,0.0,0.6521567328306541,0.3861646695666881,0.45342832901178887,0.28201213162803235,0.5288543828171298,0.3682104660896456,0.47770432563507254,0.3888866266392387,0.44468774440917336,0.0,0.5774304776436303,0.5701737161338624,0.5950698879071441,0.4632124531904083,0.43122084410036565,0.17897131127920995,0.5692405271397113,0.5434643139378513,0.5943207140777417,0.5208523717900344,0.3490124999209722,0.62458826973222
2024-11-30,0.6605447506771246,0.5478109050479932,0.5345163103153984,0.3987365026400579,0.606057048671915,0.4669743215137135,0.5782257352165164,0.5865759100568225,0.47694280273689144,0.47414794779990116,0.466052407917651,0.601211836013994,0.45728373594473987,0.525822468804587,0.39680267138153147,0.497913068053974,0.368496759705518,0.5920307254312344,0.5678737466073421,0.5101846919878451,0.6037677638013736,0.585318304090306,0.515861551239933,0.41113178002708956,0.45818996285242397,0.0,0.7266748667164029,0.43419172512056625,0.4529608763746551,0.39174980667305787,0.5409372937753233,0.43388586621170205,0.5165513526657173,0.4578381707984217,0.4485667206748081,0.0,0.5759640359496818,0.5402176420777471,0.5546669021849581,0.46247227756089154,0.462517127029502,0.38216097488675776,0.5692600238355103,0.5183350798815286,0.5799767262716808,0.5137824057280903,0.40614829144462544,0.6287133576492412
2024-12-31,0.6503606598626145,0.5477581806844762,0.5257616828147336,0.42399400203356996,0.539876682210306,0.4734884282117373,0.5787424528805407,0.6134042738276374,0.4868604327180749,0.4801160273347373,0.5077625599785659,0.6077518973655326,0.4636184235882563,0.37002694167638256,0.3955361580714079,0.49554787622624263,0.24061676335954707,0.4605308952806816,0.4834467237021245,0.5097718905589965,0.6067984572628943,0.5759835204061774,0.5402690831296117,0.417520946748111,0.4318716112756029,0.0,0.6688843037118058,0.48015324211107213,0.4582070298982485,0.47014596710364803,0.5735513438172332,0.4360159925285998,0.5174751562876984,0.5176725812005031,0.44649945345892084,0.0,0.5775407344875284,0.48453698407283063,0.5704109123872597,0.4660867220216807,0.4498516192949227,0.5237933897840751,0.5742538968355935,0.5460002319701728,0.4727299713114642,0.5147930918846544,0.2694106678715132,0.6523395527482603
2025-01-31,0.5891366340043241,0.657116412892039,0.5060839171131455,0.4394559779119357,0.552202822580654,0.46320482890451536,0.596815558043472,0.5971292176827099,0.46584743298405656,0.573661003547804,0.49715372203043307,0.5967407895360176,0.5172662831300998,0.5169605135403771,0.5429964783170319,0.6209757950204965,0.40388309755943513,0.42145943341402864,0.4935351224608348,0.5394731925717744,0.5187818099575723,0.47544835968211746,0.5672174566302642,0.4157879473706004,0.5356185689732329,0.0,0.6444566182905359,0.5270142471594996,0.5763021781624934,0.4271729195946278,0.561141309343367,0.5574173817235946,0.49751470264551984,0.5254172616750012,0.2940189675521201,0.28945423188916186,0.5738207044428452,0.47016404376919363,0.6456917955553847,0.5297502966285356,0.5145872594323808,0.21909540237065975,0.62447440217977,0.5316856341130943,0.4080762029595753,0.5076294421115463,0.18901524871493963,0.6366870349311816
2025-02-28,0.6279055869383889,0.7104265087903787,0.6646682318568784,0.6133196879792591,0.6266157309990703,0.5263141733301258,0.5938544952746638,0.5805003228778433,0.5164398531845918,0.6653344263271882,0.563549138683009,0.5789692188598844,0.5969618452773381,0.6066520073479821,0.6337760014649981,0.6484443258782485,0.3747024298719739,0.3867839693356381,0.6072177866585728,0.611244618582839,0.5702301282445837,0.5741990323900161,0.5588303931073448,0.41592421033754423,0.5117652143166614,0.02150742294683595,0.6154267033101524,0.6107432986157033,0.6207057121704387,0.4059173379661947,0.5540844226857442,0.6034041196127029,0.5390923350415877,0.5792245557958358,0.5221875201486096,0.404511193657868,0.5726451597323564,0.452726736133392,0.6502550957078936,0.6305408804041166,0.586604276037017,0.3607972301757927,0.6474846872923953,0.4997442848868272,0.3888841375451829,0.5834576078537955,0.36291948132546176,0.6413561463177779
2025-03-31,0.6173226817357196,0.7112347857461334,0.7097253366080558,0.6318679905855356,0.6730474345767853,0.554280674884,0.6011521890362752,0.5884536274657358,0.5181551807033555,0.6582380212015381,0.5632302555998495,0.5833443923282589,0.6014620116655292,0.5825076980091844,0.6474406403067536,0.6526942154896251,0.3748586749021868,0.40016073924857537,0.6032084569783885,0.6943655692430961,0.5714793429207623,0.5572233380366653,0.5514971535293589,0.41950299088916876,0.4837970711128668,0.2887086123985932,0.5982124949617259,0.6146922621395985,0.623533251345622,0.6313189050299229,0.5563742426142411,0.6007902854773848,0.5517212941217144,0.5863577691747758,0.5079978200644839,0.36893060367305575,0.5739949969181596,0.46694956026133816,0.6639422788636868,0.6357402393704804,0.6302554450031951,0.41962330042638374,0.6535419085277908,0.49392282802431864,0.4021393410894746,0.5938574409089775,0.3385184389546979,0.6696892535543089
2025-04-30,0.5842498864417813,0.7086096271595563,0.6817045831451628,0.6545943231202425,0.644223363426826,0.5356069887474875,0.6186879656796938,0.5811832212139846,0.5118487308180051,0.634249688966721,0.553920210943033,0.580306876708512,0.5718857201440645,0.5244019276916474,0.6512140502191688,0.6532107920361989,0.35374043003943517,0.3681372133657647,0.5802821213313853,0.6844676358535638,0.571903066126514,0.5179237372175848,0.5155712699433036,0.41877903780698406,0.4382387190137665,0.21459026217474103,0.5526029231943878,0.6127721562446748,0.6090029297311119,0.6208637316354919,0.5458975291680628,0.5796881823966584,0.5235073588880679,0.576161493300004,0.48739963948990267,0.302730480893156,0.5616684293014156,0.4494494883846335,0.654945084670047,0.6141985615705323,0.6230090869606925,0.3710347478643284,0.6377527298823817,0.48568936900359994,0.33835237910333577,0.5813408320712534,0.3150730219655736,0.6499900245973386
2025-05-31,0.5814183703003954,0.7129258697167558,0.6968183264011459,0.6737324873066497,0.6678273099947374,0.5471307764778187,0.6212730257342066,0.584012230114735,0.5154645890093211,0.6427923232776425,0.5587525899650105,0.3290981100101045,0.6032839170722264,0.5431849118597788,0.6578601254554285,0.6646450572250853,0.3822438650003381,0.3797834309533236,0.5875480216921715,0.6869166918675615,0.5824030792767425,0.516858686067017,0.5093793273232577,0.42352841808389047,0.4201617179952169,0.20528751922077754,0.5323607610082488,0.6204418473006346,0.6206225164402194,0.6320612692729995,0.5482443558851245,0.5906118860260126,0.5506720925791385,0.5788319444013411,0.5023813191478557,0.41106803003892606,0.5646978552318219,0.4609759239634221,0.6691077879615637,0.6346759252821595,0.6416691137822857,0.3913374866276746,0.6527524618801479,0.48371935966008467,0.3473995720716831,0.5861228712897336,0.3247458157707193,0.6881051884950096
2025-06-30,0.5939912918501038,0.7117325808745673,0.6857253085585537,0.6682639064408605,0.6569917404215079,0.5381544184612547,0.6134385681837148,0.5640168014620164,0.5123888523475872,0.6376520322160681,0.5803680956525381,0.3245898229119291,0.5957423306487435,0.5216347027639483,0.6548470286515674,0.6689049133291992,0.3834258998488314,0.3693605545620616,0.5535134967217357,0.682364916190158,0.5874173876774383,0.5063870567152589,0.49186673096327077,0.4241528555726834,0.4019460515364208,0.22125763637650617,0.4995653320930109,0.607703761527187,0.6138393958724241,0.6085507709650458,0.5394553671643981,0.5797743924964758,0.5317931484977028,0.5650514367863266,0.5000586979827575,0.4274499763859655,0.5657991374500995,0.45296899767264964,0.6606914747253094,0.6252548379124061,0.6393132558135985,0.3912207627398219,0.6448309763940185,0.6003493088556289,0.3429613101455215,0.5806659159041305,0.32270945223367387,0.6576474662557814
2025-07-31,0.5917525876843827,0.7028358667242626,0.6757809891574877,0.7055338969656714,0.6549790175620548,0.5351851792660375,0.6087318018362905,0.5479256588014215,0.5105130740504713,0.6356920571784744,0.6135929081818673,0.38206449925498026,0.5924738294370645,0.5145743442578142,0.6520052949848272,0.6747674212555348,0.39677887318935295,0.36467221795812266,0.5634803928858511,0.6784215172108611,0.5943729145543178,0.5074021343447201,0.43356472065118923,0.42549717332154,0.3934245042669062,0.2785099547923105,0.4735192358611743,0.6398587750770426,0.6122499700276985,0.5846350181963089,0.5598882767027819,0.5750421309361355,0.5412993039720966,0.5533287494674692,0.5065792188716943,0.4542735460972811,0.5681731914468294,0.452739675637732,0.655257346298957,0.6235205975554471,0.6416506930020647,0.40321552929143156,0.6435453727054466,0.589766205970791,0.38969670769821174,0.5789193411012267,0.32803399347083995,0.6589506226585207
2025-08-31,0.6087918579652271,0.6893959477682372,0.6616784788272374,0.7202661237789211,0.6487258539255221,0.5309577806857485,0.6038059491894158,0.5859437997600997,0.540743729766807,0.6321745723586399,0.6265613047425312,0.38099084268341604,0.5816047295112987,0.505391500056218,0.6804667032837306,0.6782997717282737,0.4056660395932557,0.36014115960576143,0.5793566566524219,0.6738448673317387,0.6066757225426244,0.5262887258577644,0.4129863972707927,0.426135818877068,0.38771235220029626,0.29015759668547675,0.4552507394174456,0.6469958293784662,0.6087985556792277,0.5620426669515762,0.5749671738344126,0.5688412538527178,0.5803096575273738,0.6028467928525557,0.519008246401883,0.4713078677136733,0.5706634098401228,0.45265476288886847,0.6899576892949508,0.6184301372442178,0.6488792027387938,0.4113839279472126,0.6400984362487399,0.5794567487982868,0.38974315607450577,0.5767041217373466,0.41520955680872745,0.6595628756799463
2025-09-30,0.6474264803913862,0.676273567889823,0.632444946039165,0.739801193082145,0.6381184766036682,0.5425499297812374,0.5968781209499704,0.6807899453866342,0.6287562591664372,0.6015332867728869,0.6265893191048655,0.4969445353250073,0.5623352524177243,0.5005181499918264,0.7008241747224343,0.6977378892547178,0.41081008156242727,0.3534000322871458,0.5923853682908802,0.6635604332155767,0.6367417241956321,0.5863123551788954,0.4341900159295401,0.42607307125686844,0.5671205615622723,0.46856483633692303,0.599721885190888,0.6576448806457458,0.6021439788327798,0.673002618161022,0.6059597008269936,0.5797194427485665,0.5995665557554593,0.6493568488427102,0.5124558669847373,0.40894855024175375,0.5759535969518566,0.4384115511088653,0.7058527204698509,0.6106904810886976,0.6663464750648984,0.56744950090524,0.6350502725279847,0.645969218998667,0.37036839658313425,0.5739595614544433,0.4545155802197758,0.6588502349369597
2025-10-31,0.6053695533674984,0.6719842273145882,0.6313657298117495,0.7574172615628023,0.6416799010939935,0.5574480391760069,0.5959703808554561,0.6894861884443689,0.6397049241382615,0.6078432051578426,0.6286968076692233,0.5155215564509881,0.564119134513819,0.5097361353775525,0.7019298159959031,0.7028812141516595,0.4200825299790573,0.35485813974116687,0.5874460505268116,0.6644322806030959,0.6510969192410905,0.6042199190285618,0.44372727274794105,0.4275712158064947,0.554734572287816,0.4783202042088499,0.5840447328179184,0.7254028274617481,0.6032005716908269,0.6941918439849097,0.6194381958036379,0.5776321751635306,0.5999465984924738,0.6524310647019708,0.5177363251740339,0.4260076853637534,0.5799495341935957,0.44417116219804015,0.7053116564548939,0.6121350423304511,0.6634774448876701,0.5540711421017973,0.6351748401764352,0.6445539695194402,0.3712457676342117,0.57455251793972,0.5258855023834588,0.6900778486690482
2025-11-30,0.6093469939667796,0.6702631054066427,0.6391894366712386,0.7629602623141606,0.6611861202498927,0.5660917067635617,0.6001218868757222,0.7042611184392786,0.6480628961118478,0.6178062382723296,0.6398554401195715,0.5571471854358765,0.5878498770607461,0.5401040594309466,0.7067979873527046,0.7092824181426459,0.43983211613969236,0.36460084951395244,0.596418590287467,0.6660383971582255,0.6634304014767831,0.6110764358832176,0.4589200949803368,0.43031535747287813,0.5428105368529408,0.6367615061648094,0.5739443355246354,0.7342354931006585,0.6118387765313977,0.7035708265589401,0.6295269922062401,0.5136901320921284,0.59522245374793,0.6709834823858115,0.5220761178856884,0.45941396413028057,0.5831834478640546,0.45931420552613034,0.7610074366228518,0.6264376233644527,0.6743998818664856,0.5630987282581988,0.6441667626265449,0.6450829139049092,0.39105960195597217,0.5793068279636583,0.5292764823505192,0.6984711113214775
